研报名称,机构名称,发布时间,行业,研报地址
全球教育机器人发展蓝皮书2026：大模型、具身智能与人形机器人时代的学习,AI-SLI,2026-07-03 00:00:00.000,专用设备,https://data.eastmoney.com/report/zw_industry.jshtml?encodeUrl=lfCg5GuIRBDoKH/4GRaxX6F2WCHGz6ZY4CoIwQw6dHY=
人形机器人周报：优必选发布商用服务人形机器人Walker C1，M-Robots开源社区启动,国元证券,2026-07-02 00:00:00.000,专用设备,https://data.eastmoney.com/report/zw_industry.jshtml?encodeUrl=e8uG6eiIVZW0nwiqzAxJqgfEPAAcTjrbDQ7Kddfwcs8=
"人形机器人行业跟踪报告：智元机器人第15,000台具身智能机器人正式下线",万联证券,2026-06-30 00:00:00.000,专用设备,https://data.eastmoney.com/report/zw_industry.jshtml?encodeUrl=pbgGimF6GIUsJi/NFvqdc11n8OyeOFNBZKshkLRi0qM=
机械行业研究：看好半导体设备内外共振，关注农机、机器人视觉板块,国金证券,2026-06-30 00:00:00.000,专用设备,https://data.eastmoney.com/report/zw_industry.jshtml?encodeUrl=w/NB8TOq3B38ISJrYF46i4xD33cC6ufJs+woK7Gc1Xo=
机器人行业研究：美光看好机器人拉动存储需求，优必选连发新品冲刺万台产能,国金证券,2026-06-29 00:00:00.000,专用设备,https://data.eastmoney.com/report/zw_industry.jshtml?encodeUrl=sNXHRqYfuq/YK3RNBqVl9CdiXAQJ80P432zJv8CstYE=
中国泳池清洁机器人行业研究报告（上）：泳池清洁“智”能革命，全球泳池清洁机器人市场解析,头豹研究院,2026-06-24 00:00:00.000,专用设备,https://data.eastmoney.com/report/zw_industry.jshtml?encodeUrl=F+ZhHRiImQMLRMIdpezE4Cb12+fgJBTKE5cASw1bv9Q=
人形机器人周报：阿里发布首个具身大模型Qwen-Robot系列，赛力斯首款机器人“小赛”亮相,国元证券,2026-06-23 00:00:00.000,专用设备,https://data.eastmoney.com/report/zw_industry.jshtml?encodeUrl=eJi1KfnPSzsOqK/d1hQ6dDCEV1elVHd0HpmJdTJRsoM=
机器人行业周报：具身企业获科创板政策支持，赛力斯人形机器人首次亮相,国金证券,2026-06-21 00:00:00.000,专用设备,https://data.eastmoney.com/report/zw_industry.jshtml?encodeUrl=svHcicKcG+Np1VgQVFF95tHG+RFlWcWpyp1eVSV5kUg=
人形机器人周报：工信部、国资委联合启动人形机器人实景实训，天工3.0下半年量产交付,国元证券,2026-06-16 00:00:00.000,专用设备,https://data.eastmoney.com/report/zw_industry.jshtml?encodeUrl=DFBMkX5WIiTdr8VSVb2JH7sJAu/XC9iqQxFrdxWIBMk=
机器人行业研究：工信部推动人形机器人实景实训，英伟达联手LG共建物理AI系统,国金证券,2026-06-14 00:00:00.000,专用设备,https://data.eastmoney.com/report/zw_industry.jshtml?encodeUrl=258OWqm3aDwZNw1gsD2XXFPTKmxCruppMdCZFQ1bm9c=
人形机器人月报：资本化提速、量产渐近，板块行情有望延续,中航证券,2026-06-13 00:00:00.000,专用设备,https://data.eastmoney.com/report/zw_industry.jshtml?encodeUrl=ZUB1FgBaFaGylLkhnar0BLfMqvLLRZCiZKCGoasSPZ8=
TMT行业周报：AI算力、先进存储及机器人方向值得持续关注,大同证券,2026-06-10 00:00:00.000,专用设备,https://data.eastmoney.com/report/zw_industry.jshtml?encodeUrl=/Fnww1CLbs895+41ik+hEpDjv48/oft2ZjMcvO+Ihik=
人形机器人周报：英伟达联手宇树、Sharpa打造参考人形机器人，千寻智能获15亿融资,国元证券,2026-06-10 00:00:00.000,专用设备,https://data.eastmoney.com/report/zw_industry.jshtml?encodeUrl=/Fnww1CLbs895+41ik+hEu2GOOQBUunSsN43KNGH6yE=
机器人行业研究：宇树科技科创板IPO过会，Open AI进军机器人,国金证券,2026-06-07 00:00:00.000,专用设备,https://data.eastmoney.com/report/zw_industry.jshtml?encodeUrl=1dS8OwFW4WA9Nyk/1R5SO7iaImr5K2cjhc/vjwVsfCk=
人形机器人周报：宇树科技即将上会，小鹏机器人预计于2026年底量产,国元证券,2026-06-04 00:00:00.000,专用设备,https://data.eastmoney.com/report/zw_industry.jshtml?encodeUrl=sPUp5kN8m7+/x4wzHCDsc/UV7wYeI2JODhKy9RYfhl0=
光模块设备产业链梳理：光模块扩产加速，封测设备迎需求释放,华源证券,2026-06-03 00:00:00.000,专用设备,https://data.eastmoney.com/report/zw_industry.jshtml?encodeUrl=vLVBb9crEuL+SI65XlPRKyWtNbWoA4Py/3Df6tqeHXQ=
2026轮式人形机器人产业发展蓝皮书,深圳市新战略传媒,2026-06-02 00:00:00.000,专用设备,https://data.eastmoney.com/report/zw_industry.jshtml?encodeUrl=J8egfRaQldcxrS+vK5NVDupudu720shObtFuMSkxQ04=
2026年中国无掩膜光刻机行业报告（精华版）,头豹研究院,2026-06-01 00:00:00.000,专用设备,https://data.eastmoney.com/report/zw_industry.jshtml?encodeUrl=34IjOVFT7SMXhv7RV89/dWXD3wNMAWHU6dPahYEqoU8=
机器人行业研究：宇树科技IPO上会在即，比亚迪正式入局人形机器人,国金证券,2026-05-31 00:00:00.000,专用设备,https://data.eastmoney.com/report/zw_industry.jshtml?encodeUrl=frN1yznI/PSjLneQCR7qmtf47M66Wv17Bz4Ge/fM2Qo=
人工智能产业快速发展中所面临的挑战,新华财经信息咨询,2026-05-27 00:00:00.000,专用设备,https://data.eastmoney.com/report/zw_industry.jshtml?encodeUrl=8gUNtjW5jnuIsoF3A3XHB9zIKYSYs9j2W1jWvDKkamk=
中国睡眠监测类设备行业概览：科技赋能，深度洞察睡眠健康,头豹研究院,2026-05-26 00:00:00.000,专用设备,https://data.eastmoney.com/report/zw_industry.jshtml?encodeUrl=ezwMyDfKd2WUFgzUwL6wAdJNDdwEX37mIJ2ihjjq8rs=
人形机器人周报：特斯拉部分工厂改造为人形机器人产线，乐聚IPO获受理,国元证券,2026-05-26 00:00:00.000,专用设备,https://data.eastmoney.com/report/zw_industry.jshtml?encodeUrl=ezwMyDfKd2WUFgzUwL6wAcBurdP+MSPSI5bD5JJ64CM=
机器人行业研究：特斯拉S/X工厂正式转为机器人专线，云深处科创板IPO受理,国金证券,2026-05-24 00:00:00.000,专用设备,https://data.eastmoney.com/report/zw_industry.jshtml?encodeUrl=190xdmTYsHjMb0DC+/627JxOMgHVAXesCmG79+8g/Gs=
高端装备制造产业研究周报：Figure直播分拣包裹，宇树发布变形机甲机器人,国金证券,2026-05-22 00:00:00.000,专用设备,https://data.eastmoney.com/report/zw_industry.jshtml?encodeUrl=GH0mz9OFfdD8HJyjS8PWdJEFf3wlHZAA6O+O3xjsMj4=
人形机器人：量产突破期的产业分化与国有资本投资逻辑,大公国际资信评估,2026-05-20 00:00:00.000,专用设备,https://data.eastmoney.com/report/zw_industry.jshtml?encodeUrl=ghB/U6yU9Yq8Vt9aUyx3xAMQ20HU0j+3I5D18HtLjQc=
人形机器人周报：中国首个人形世界模型发布，Figure机器人直播连续工作,国元证券,2026-05-19 00:00:00.000,专用设备,https://data.eastmoney.com/report/zw_industry.jshtml?encodeUrl=fS81ufKxtfKLbNGXxwnqo4hThFgv0lARDF6SPdDp9g0=
机床行业研究：周期向上加速，国产替代方兴未艾，板块配置机会凸显,国金证券,2026-05-19 00:00:00.000,专用设备,https://data.eastmoney.com/report/zw_industry.jshtml?encodeUrl=fS81ufKxtfKLbNGXxwnqo3Q8qb47zipC2zeBB4UdAc0=
机械行业2026年中期策略：AI重塑新周期，制造再启新篇章,中航证券,2026-05-18 00:00:00.000,专用设备,https://data.eastmoney.com/report/zw_industry.jshtml?encodeUrl=tI3AI4wMjmLQAmSmXTMCq856E47gLJ6eDYjAsDfwUgc=
机器人行业研究：Figure直播分拣包裹，宇树发布变形机甲机器人,国金证券,2026-05-18 00:00:00.000,专用设备,https://data.eastmoney.com/report/zw_industry.jshtml?encodeUrl=tI3AI4wMjmLQAmSmXTMCq8BjggNMacwMKmbwe5CAVH8=
机械设备行业快评报告：4月挖掘机与装载机销量均实现较快增长,万联证券,2026-05-14 00:00:00.000,专用设备,https://data.eastmoney.com/report/zw_industry.jshtml?encodeUrl=LBIS7bPRbuARj1Q2LOK57dlhF7dNjTlAm2JlclbHs5o=
中国电子皮肤行业概览：机器人的触觉革命,头豹研究院,2026-05-13 00:00:00.000,专用设备,https://data.eastmoney.com/report/zw_industry.jshtml?encodeUrl=KKx/o0h8GXci4gNIaf+w9BSU4pzxAwSyB7Glf5IQotY=
PCB设备2025年报&2026年一季报总结：业绩兑现元年，关注技术通胀带来的非线性增长,东吴证券,2026-05-13 00:00:00.000,专用设备,https://data.eastmoney.com/report/zw_industry.jshtml?encodeUrl=KKx/o0h8GXci4gNIaf+w9PUzZPXT8W5o5CpcAlYd28M=
人形机器人产业周报：产业进入量产博弈阶段，26Q1我国智能仿生机器人出口4141台,华源证券,2026-05-12 00:00:00.000,专用设备,https://data.eastmoney.com/report/zw_industry.jshtml?encodeUrl=EZKzOIyOfPXOY/mOkPf0GHBlWeK+oRivB5vVb6WjeCs=
机器人行业研究：特斯拉S/X工厂转作机器人生产，Figure双机器人协作铺床,国金证券,2026-05-10 00:00:00.000,专用设备,https://data.eastmoney.com/report/zw_industry.jshtml?encodeUrl=XAM9YcCVxAJdkwQFrA2Jh40jfTGUmDjz9vthUJZFzEk=
2026年智能机器人行业深度分析报告,深圳市中投顾问,2026-05-07 00:00:00.000,专用设备,https://data.eastmoney.com/report/zw_industry.jshtml?encodeUrl=Wq+NxWAWJ26bvphenTnhbAHrRc2QwOzMZzyHQfVlIIE=
"冷锻工艺：精度C3+高效低成本,人形机器人丝杠的理想工艺",国金证券,2026-05-06 00:00:00.000,专用设备,https://data.eastmoney.com/report/zw_industry.jshtml?encodeUrl=vK83LYxZyxfJFYh4NqvDQFCGutTL6tEjcCJdmzElqQY=
机器人板块25年＆26Q1财报总结：产业仍在突飞猛进，等待市场拐点到来,国金证券,2026-05-05 00:00:00.000,专用设备,https://data.eastmoney.com/report/zw_industry.jshtml?encodeUrl=L1lRXMabK5Ss4XKsaKCfc/SqOtuAtxVHsL7DNAM+eGM=
2026年机械设备年度策略：算力投资方兴未艾，人形机器人、固态电池产业加速,山西证券,2026-04-30 00:00:00.000,专用设备,https://data.eastmoney.com/report/zw_industry.jshtml?encodeUrl=z+BQzM0NJ1Yh8OoBVL6DMmQoL1qosqwMuphOsH4yuSE=
全球机器人技术路线图2025-2035,加州大学圣地亚哥分校,2026-04-28 00:00:00.000,专用设备,https://data.eastmoney.com/report/zw_industry.jshtml?encodeUrl=en3lKDpHApx5MExDYCEDERRgF1lUX9UFePst48ozjdg=
人形机器人周报：国家电网计划采购具身智能设备，特斯拉第三代人形机器人预计年中投产,国元证券,2026-04-28 00:00:00.000,专用设备,https://data.eastmoney.com/report/zw_industry.jshtml?encodeUrl=en3lKDpHApx5MExDYCEDEeYH5hViqAQxFwdfQ1XLdfI=
装备制造行业周报（4月第4周）：氦气价格涨幅扩大,世纪证券,2026-04-27 00:00:00.000,专用设备,https://data.eastmoney.com/report/zw_industry.jshtml?encodeUrl=I0G8zgsN1iSKizHA2BNZ6BK5bfDqUxB5btqQmCXrqag=
人形机器人行业双周报：四足机器人商业化已至，荣耀机器人半马夺冠,华金证券,2026-04-27 00:00:00.000,专用设备,https://data.eastmoney.com/report/zw_industry.jshtml?encodeUrl=I0G8zgsN1iSKizHA2BNZ6LgazVBiyB50gBhSwwNbz3Q=
机器人行业周报：特斯拉下半年开启量产，自变量家庭机器人入户在即,国金证券,2026-04-27 00:00:00.000,专用设备,https://data.eastmoney.com/report/zw_industry.jshtml?encodeUrl=I0G8zgsN1iSKizHA2BNZ6DRT5epgy+k/IUsKCgIrZrc=
高端制造：人形机器人发展是一场马拉松,建银国际证券,2026-04-24 00:00:00.000,专用设备,https://data.eastmoney.com/report/zw_industry.jshtml?encodeUrl=u0i1cZTNUMOPcM3SjCQs4BJ5rEwVUxUJagzrtXm9J9c=
机器人行业跟踪点评：国标突围为产业赋能，人形机器人加速发展,东莞证券,2026-04-23 00:00:00.000,专用设备,https://data.eastmoney.com/report/zw_industry.jshtml?encodeUrl=/OdnvFqSBKsDWvabmdFdFE8tPw/lwtknLRYZV0JaN44=
2026年绿色船舶行业深度分析报告,深圳市中投顾问,2026-04-22 00:00:00.000,专用设备,https://data.eastmoney.com/report/zw_industry.jshtml?encodeUrl=oJHUkvoF+YqNhnlDxd5vJlH9AW6iWhKfi9FKxCqfx0o=
机械行业2026年4月投资策略：重点关注产业趋势强的海外缺电、液冷及光模块设备产业链,国信证券,2026-04-22 00:00:00.000,专用设备,https://data.eastmoney.com/report/zw_industry.jshtml?encodeUrl=oJHUkvoF+YqNhnlDxd5vJo40l3Ugqxy84HroEmA2vgo=
人形机器人周报：智元发布“358宏图”计划，它石融资破纪录,国元证券,2026-04-22 00:00:00.000,专用设备,https://data.eastmoney.com/report/zw_industry.jshtml?encodeUrl=oJHUkvoF+YqNhnlDxd5vJgL5p3akP4HAN05tkzY2Y7s=
机械行业深度报告：机器人行业不断进步，发展空间广阔,太平洋,2026-04-21 00:00:00.000,专用设备,https://data.eastmoney.com/report/zw_industry.jshtml?encodeUrl=OM4JsKFQGnDmAB23hCDvZ4gB0t+YeJsmsYrVNEFsk9c=
高端装备制造产业研究周报：机器人马拉松荣耀夺魁，智元举办合作伙伴大会,国金证券,2026-04-20 00:00:00.000,专用设备,https://data.eastmoney.com/report/zw_industry.jshtml?encodeUrl=lw61vATgV5jkMKNq7hii7yf/deNau+Q9RKeUnNZd2SA=
机器人行业研究：机器人马拉松荣耀夺魁，智元举办合作伙伴大会,国金证券,2026-04-19 00:00:00.000,专用设备,https://data.eastmoney.com/report/zw_industry.jshtml?encodeUrl=QVk5BeptH2ssWz00IL1T64MBKW0MIG97pHztpUHK5tU=
机械行业研究光模块设备：站在巨人的肩膀上，寻找中长期通胀方向,国金证券,2026-04-19 00:00:00.000,专用设备,https://data.eastmoney.com/report/zw_industry.jshtml?encodeUrl=QVk5BeptH2ssWz00IL1T60kO1wAp9eHxKEF39TX8bp0=
双循环驱动器——欧亚市场共振下，中国叉车以智能+成本双优势重塑全球物料搬运格局 头豹词条报告系列,头豹研究院,2026-04-14 00:00:00.000,专用设备,https://data.eastmoney.com/report/zw_industry.jshtml?encodeUrl=EzU8XTqoRN+AnFT9tIpYV4eJd6IiJ+KsEGVXKDLqaeI=
跨OS GUI智能体基础设施白皮书：重新定义人机交互自动化,甲子光年智库,2026-04-14 00:00:00.000,专用设备,https://data.eastmoney.com/report/zw_industry.jshtml?encodeUrl=EzU8XTqoRN+AnFT9tIpYV/dkIPyg7f6TSt68UNBIAhs=
机器人行业研究：机器人一级融资持续创新高，智元AI周展示模型能力,国金证券,2026-04-13 00:00:00.000,专用设备,https://data.eastmoney.com/report/zw_industry.jshtml?encodeUrl=lEJ4tvrLL4iYJKcaLiC2v0A+WfFxDv1y6PtAY536hhg=
国家状况机器人学2021-2025,,2026-04-13 00:00:00.000,专用设备,https://data.eastmoney.com/report/zw_industry.jshtml?encodeUrl=4p6Dpc5uWa9bYfsijTcvuttwPAzC8tAcwyr2hnIB1XY=
人形机器人行业双周报：优必选人形机器人业务再创新高，Optimus V3发布在即,华金证券,2026-04-12 00:00:00.000,专用设备,https://data.eastmoney.com/report/zw_industry.jshtml?encodeUrl=4p6Dpc5uWa9bYfsijTcvuuQ+Ze+u39HhQlW359UTozI=
工业具身智能安全标准化研究：网络安全标准化技术研究报告,全国网络安全标准化技术委员会秘书处,2026-04-10 00:00:00.000,专用设备,https://data.eastmoney.com/report/zw_industry.jshtml?encodeUrl=cR/s6uWt5jZZd4n+QAEFBqly8xqKq7uexq1W/p2BOjs=
2026年中国拖拉机行业：市场分化下高端突围，智能化与新能源重塑产业格局（精华版）,头豹研究院,2026-04-09 00:00:00.000,专用设备,https://data.eastmoney.com/report/zw_industry.jshtml?encodeUrl=d0GNcCoCzoVIz5+TYCcQ9egY6YO/H2HbDa71o8wENCY=
高端装备制造产业研究周报：人形迈向量产拐点，国内本体产销领跑,国金证券,2026-04-08 00:00:00.000,专用设备,https://data.eastmoney.com/report/zw_industry.jshtml?encodeUrl=nN1iN6tG18UYFKPyTLB7o13UFkLNKMHUAKfGZ06nn70=
2025年中国工业阀门行业：国产替代提速与智能渗透加深（精华版）,头豹研究院,2026-04-07 00:00:00.000,专用设备,https://data.eastmoney.com/report/zw_industry.jshtml?encodeUrl=XVAfjuZIpCSkgf2k6P2gpWHAJotV6gi36slJmxVde/c=
机器人行业研究：人形迈向量产拐点，国内本体产销领跑,国金证券,2026-04-07 00:00:00.000,专用设备,https://data.eastmoney.com/report/zw_industry.jshtml?encodeUrl=XVAfjuZIpCSkgf2k6P2gpToSgazN6AqlZzgdSuKJHqw=
高端装备制造产业研究周报：特斯拉发布视频展示Optimus细节，宇树布局西部创新运营中心,国金证券,2026-04-06 00:00:00.000,专用设备,https://data.eastmoney.com/report/zw_industry.jshtml?encodeUrl=Bj/9+eySjmeu+o4DN7DygpDaSur1C0UZzeqG7RqT3sU=
汽车零部件&机器人主线周报：乐聚万台产线落地，优必选25年营收超20亿元,东吴证券,2026-04-06 00:00:00.000,专用设备,https://data.eastmoney.com/report/zw_industry.jshtml?encodeUrl=pT2ZL8Zs9/2VwVBQts02lM+nDla4GXETlHRZZqR+qSQ=
机械设备行业双周报：板块回调，把握细分领域机遇,东莞证券,2026-04-03 00:00:00.000,专用设备,https://data.eastmoney.com/report/zw_industry.jshtml?encodeUrl=gFO24YZW3e0PlygtpsizFGerpqoCPsCPoOM050iDEn4=
数据驱动的跨境电商品牌化转型市场指南：【泳池清洗机器人美国市场】用户行为洞察报告,蔚云出海(广州)企业咨询,2026-04-03 00:00:00.000,专用设备,https://data.eastmoney.com/report/zw_industry.jshtml?encodeUrl=gFO24YZW3e0PlygtpsizFLCZcoEzQwd5TWrLx/ZLnm4=
AI从数字网络走进物理世界：人形机器人是否会复刻新能源汽车发展路径？,浦银国际证券,2026-04-02 00:00:00.000,专用设备,https://data.eastmoney.com/report/zw_industry.jshtml?encodeUrl=XGWmSSG17O1invCqsvizvpYXoZBjODhTIDZ1hQu+fyM=
电力设备与新能源行业：宇树G1人形机器人拆解报告,中邮证券,2026-03-31 00:00:00.000,专用设备,https://data.eastmoney.com/report/zw_industry.jshtml?encodeUrl=yox7xzf0O9dtTdxl8tZuTwN11/WKl6HqNoXkLxljjas=
人形机器人专题：Optimus3产业催化不断，关注T链关键零部件及精密绕线设备,开源证券,2026-03-30 00:00:00.000,专用设备,https://data.eastmoney.com/report/zw_industry.jshtml?encodeUrl=x9pIQofGzI9LIaB0HSp91ktrsdY1KWfqcVpJs0KnZj0=
人形机器人行业双周报：宇树科技IPO获受理，马斯克宣布造机器人芯片,华金证券,2026-03-30 00:00:00.000,专用设备,https://data.eastmoney.com/report/zw_industry.jshtml?encodeUrl=x9pIQofGzI9LIaB0HSp91iTc3mpELIUoApImVtoJwa0=
机器人行业研究：特斯拉发布视频展示Optimus细节，宇树布局西部创新运营中心,国金证券,2026-03-29 00:00:00.000,专用设备,https://data.eastmoney.com/report/zw_industry.jshtml?encodeUrl=dAK1ppXG2ZMmjjQE+9CZ5axLsq5rdZGfdOQQngXoQWY=
人工智能研究专题：人工智能为国内工业升级带来的机遇,国信证券,2026-03-25 00:00:00.000,专用设备,https://data.eastmoney.com/report/zw_industry.jshtml?encodeUrl=BajIUgeK3t6I0eujD3HzAaxoqCuIumIlxbO5ekQ7+r4=
全球通用智能体竞争报告,清新研究,2026-03-19 00:00:00.000,专用设备,https://data.eastmoney.com/report/zw_industry.jshtml?encodeUrl=HYCqBDbQ2Zu7VuZ1sjPwkw0zebCEue7b2EOWPd/kOYE=
人形机器人周报：至简动力5轮累计融资20亿元，Figure 03自主整理客厅,国元证券,2026-03-18 00:00:00.000,专用设备,https://data.eastmoney.com/report/zw_industry.jshtml?encodeUrl=s7nmvLweMqllj8ucx4/dSXUTomPVQmO6iaQajFW+xRc=
「激光测距仪美国市场」年度研报,蔚云出海(广州)企业咨询,2026-03-16 00:00:00.000,专用设备,https://data.eastmoney.com/report/zw_industry.jshtml?encodeUrl=ivGavoqmU0N6YSeJK0gsmtD9FNFIAE6+i2lgsU4SfAs=
装备制造行业周报（3月第2周）：储能及风电景气度上行,世纪证券,2026-03-16 00:00:00.000,专用设备,https://data.eastmoney.com/report/zw_industry.jshtml?encodeUrl=ivGavoqmU0N6YSeJK0gsmgC6PS9iI498D+pIyRv+WWY=
具身智能行业研究：Figure 03完成全自主家务作业，Optimus 3今夏启动生产,国金证券,2026-03-16 00:00:00.000,专用设备,https://data.eastmoney.com/report/zw_industry.jshtml?encodeUrl=ivGavoqmU0N6YSeJK0gsmvLoIO/pcQedRhhYo8ZVGbk=
人形机器人行业双周报：融资规模破纪录，具身智能资本化进程加速,华金证券,2026-03-15 00:00:00.000,专用设备,https://data.eastmoney.com/report/zw_industry.jshtml?encodeUrl=7HIURRqTbuK4ZnlEb5bC0XL7FFyyFBO50C2xYbv3tK4=
油服设备：全产业链流程与标的梳理,中邮证券,2026-03-12 00:00:00.000,专用设备,https://data.eastmoney.com/report/zw_industry.jshtml?encodeUrl=duOKd2B+lgzBov5ATCbG/4N0iB6zLXYhQgp70HktMns=
人形机器人行业专题研究：人形机器人量产元年，关注本体和零部件投资机会,源达信息,2026-03-11 00:00:00.000,专用设备,https://data.eastmoney.com/report/zw_industry.jshtml?encodeUrl=nZOWanw4QLvo1GCI4YOLQIfahx46w44pVbfBRwbTc3k=
工程机械月报：工程机械2月出口超预期，行业景气持续向好,西南证券,2026-03-11 00:00:00.000,专用设备,https://data.eastmoney.com/report/zw_industry.jshtml?encodeUrl=nZOWanw4QLvo1GCI4YOLQOswjX1tSgNC2UX9LSG2scI=
人形机器人周报：银河通用获25亿元融资，星动纪元获三星、高成等联合投资10亿元,国元证券,2026-03-10 00:00:00.000,专用设备,https://data.eastmoney.com/report/zw_industry.jshtml?encodeUrl=G5q0J7vI7MapkjMb9ILLSXiMZB6tT5Hb7A53BGxizag=
量子计算系列二：技术、产业与政策共振，看好整机和核心硬件,国金证券,2026-03-10 00:00:00.000,专用设备,https://data.eastmoney.com/report/zw_industry.jshtml?encodeUrl=G5q0J7vI7MapkjMb9ILLSVpK81jHav80bWLnMtkGOJY=
高端装备制造产业研究周报：两会热议具身智能浪潮，银河通用再获25亿融资,国金证券,2026-03-09 00:00:00.000,专用设备,https://data.eastmoney.com/report/zw_industry.jshtml?encodeUrl=sayaAh9m4uyVUYWKMmQSMwHv7bvwAg7SbAnZEiaXTfM=
具身智能行业研究：两会热议具身智能浪潮，银河通用再获25亿融资,国金证券,2026-03-08 00:00:00.000,专用设备,https://data.eastmoney.com/report/zw_industry.jshtml?encodeUrl=zplPou2FUNKcyDNXb0W00WNdPtKMhoKhXdOrQmQGfyY=
人形机器人产业周报：我国发布首个国家级人形机器人标准，自变量机器人再获数亿元融资,国元证券,2026-03-05 00:00:00.000,专用设备,https://data.eastmoney.com/report/zw_industry.jshtml?encodeUrl=RQ5zBQNbE+fVs8MTnXIk/0KgYags6LWzHbazhG0n73Q=
机械设备行业快评报告：1月挖掘机与装载机销量同比高增,万联证券,2026-03-05 00:00:00.000,专用设备,https://data.eastmoney.com/report/zw_industry.jshtml?encodeUrl=RQ5zBQNbE+fVs8MTnXIk/3GUvaSmYFHL91BGEIU+2og=
2025年全球及中国叉车行业研究：具身智能赋能，叉车行业加速升级（精华版）,头豹研究院,2026-03-03 00:00:00.000,专用设备,https://data.eastmoney.com/report/zw_industry.jshtml?encodeUrl=cu8BCf0ftWWii/wCWbhyPgZXKND0JJSFT3q7vosTQok=
高端装备制造产业研究周报：德国总理参访宇树科技，智元机器人落子德国,国金证券,2026-03-02 00:00:00.000,专用设备,https://data.eastmoney.com/report/zw_industry.jshtml?encodeUrl=xaPE959pU87MWNSCxuLFL4dRFjjZ6GK7g2N0osZZmXc=
2025年中国眼镜片行业白皮书,艾瑞股份,2026-03-02 00:00:00.000,专用设备,https://data.eastmoney.com/report/zw_industry.jshtml?encodeUrl=xaPE959pU87MWNSCxuLFL2KPC0ca9Nwx+xXuiRxe/pg=
人形机器人行业双周报：人形机器人刷屏春晚，中国智造开启发展新篇章,华金证券,2026-03-01 00:00:00.000,专用设备,https://data.eastmoney.com/report/zw_industry.jshtml?encodeUrl=8i8k756OKMtArLgmB92aQ0OlPpvgOlKmlbIlBZ62ncs=
具身智能行业研究：德国总理参访宇树科技，智元机器人落子德国,国金证券,2026-03-01 00:00:00.000,专用设备,https://data.eastmoney.com/report/zw_industry.jshtml?encodeUrl=8i8k756OKMtArLgmB92aQ0Mh006ZkrXACSAiwgT4WRw=
机器人行业跟踪点评：春晚显技，场景破局,东莞证券,2026-02-23 00:00:00.000,专用设备,https://data.eastmoney.com/report/zw_industry.jshtml?encodeUrl=IAQ+ujcSJSoK2pmVUiNZAtSGUksMPbp+Cxbwj4608RY=
机械行业2026年2月投资策略：重点关注AI基建供电端和液冷端的投资机会,国信证券,2026-02-23 00:00:00.000,专用设备,https://data.eastmoney.com/report/zw_industry.jshtml?encodeUrl=IAQ+ujcSJSoK2pmVUiNZAqIlk2w0Ik0NOAogOICntaw=
人形机器人2026年度策略：“以正和，以奇胜”，重视机器人规模化量产元年,东吴证券,2026-02-13 00:00:00.000,专用设备,https://data.eastmoney.com/report/zw_industry.jshtml?encodeUrl=7eBtQRVnu7p1NFqJQkPuXx7uxJbM/QALxBg0bXXerlM=
人形机器人产业周报：智元主办全球首个大型机器人晚会，卓益得完成近亿元Pre-A+轮融资,国元证券,2026-02-11 00:00:00.000,专用设备,https://data.eastmoney.com/report/zw_industry.jshtml?encodeUrl=1jj6tO9ONfIXGIMrgDt9lVEJQxmLd7FQDedGwcFtR/o=
宇航机器人行业创新发展：行业洞察-AI与机器人深度结合，太空探索进入无人化时代,头豹研究院,2026-02-10 00:00:00.000,专用设备,https://data.eastmoney.com/report/zw_industry.jshtml?encodeUrl=fUlqncxmuBMNJXJPVFPqaHInT+SloZKi56s12A0gQrU=
具身智能行业研究：特斯拉三代机器人发布在即，智元举办全球首个机器人晚会,国金证券,2026-02-09 00:00:00.000,专用设备,https://data.eastmoney.com/report/zw_industry.jshtml?encodeUrl=+b5ofXBBZ3x7mdIOZrFsa7sTzZSYfj26/E5m6RQ6W4M=
装备制造行业周报（1月第4周）：银价波动影响上游硅片提价,世纪证券,2026-02-02 00:00:00.000,专用设备,https://data.eastmoney.com/report/zw_industry.jshtml?encodeUrl=YE65Nzv4hDtw2Ic9QSC9I7o5rA+vfrh0pahPXoZdcMU=
机械行业周报：光伏行业利好频现，看好设备需求,太平洋,2026-01-26 00:00:00.000,专用设备,https://data.eastmoney.com/report/zw_industry.jshtml?encodeUrl=uCuz1KEXcKJMpBWuIAES1uGRyWVzA2FY+qMfOD5WeKQ=
高端装备制造产业研究深度：机器人需求驱动下，新技术落地加速,国金证券,2026-01-26 00:00:00.000,专用设备,https://data.eastmoney.com/report/zw_industry.jshtml?encodeUrl=uCuz1KEXcKJMpBWuIAES1sytprV0P//aq1gsmpe3i6k=
装备制造行业周报（1月第2周）：12月非挖产品整体保持增长,世纪证券,2026-01-21 00:00:00.000,专用设备,https://data.eastmoney.com/report/zw_industry.jshtml?encodeUrl=A8OCIkKQB8ePe63a8T4C0L6nBkiR1nQF4I1RUaOt9OQ=
智感跃迁——机器人激光雷达在三维视觉革命中的技术进化与市场重构 头豹词条报告系列,头豹研究院,2026-01-21 00:00:00.000,专用设备,https://data.eastmoney.com/report/zw_industry.jshtml?encodeUrl=A8OCIkKQB8ePe63a8T4C0MldhnX1Z6A8pm1ORO6X80E=
新兴产业行业周报：商业航天发展步入快车道，重视人形机器人产业趋势,华安证券,2026-01-20 00:00:00.000,专用设备,https://data.eastmoney.com/report/zw_industry.jshtml?encodeUrl=lk2N7+6d3lbi/Ms1Aj8lH+uGnhJdON+jP7VsMS6wcMw=
人形机器人产业周报：机器人将再度登上春晚舞台，自变量机器人宣布已完成10亿元A++轮融资,国元证券,2026-01-20 00:00:00.000,专用设备,https://data.eastmoney.com/report/zw_industry.jshtml?encodeUrl=lk2N7+6d3lbi/Ms1Aj8lHxxqzCtQvS4SplalhnxXkpw=
中国除湿机行业调研简报：市场洞察：从工业控湿到家居防潮，除湿机如何适配全场景高湿难题？,头豹研究院,2026-01-20 00:00:00.000,专用设备,https://data.eastmoney.com/report/zw_industry.jshtml?encodeUrl=lk2N7+6d3lbi/Ms1Aj8lH5tpCSUM0BILeFpBPANQDqY=
3D打印行业研究：商业航天3D打印浪潮将至,国金证券,2026-01-18 00:00:00.000,专用设备,https://data.eastmoney.com/report/zw_industry.jshtml?encodeUrl=n1PLIhfneIFgzsdrLp2yEKZkkNSsze05XJv7aWflp4c=
具身智能行业研究：上纬启元Q1正式亮相，宇树腾讯战略合作落地,国金证券,2026-01-11 00:00:00.000,专用设备,https://data.eastmoney.com/report/zw_industry.jshtml?encodeUrl=GXiXWtpteSOXX+ml9b3cq3Qps3F4Sbgi03DUSEletsY=
2025年液冷行业概览：算力大势所趋，AI助力液冷步入新篇章,头豹研究院,2026-01-08 00:00:00.000,专用设备,https://data.eastmoney.com/report/zw_industry.jshtml?encodeUrl=vsm1MuxwuKdLBMcRAkEl8f+pBNxxRaJRaBLdZSvNckU=
机器人行业研究：机器人2026年度策略：行业跨越0-1，坚守核心供应链,国金证券,2026-01-06 00:00:00.000,专用设备,https://data.eastmoney.com/report/zw_industry.jshtml?encodeUrl=dufd96+sA/vDE4TofWNcgPsixYAuWABQGqiZ42lY3AQ=
人形机器人行业研究：供需起势，链动未来：迎接人形机器人的产业浪潮,大公国际资信评估,2026-01-04 00:00:00.000,专用设备,https://data.eastmoney.com/report/zw_industry.jshtml?encodeUrl=dvA/5mhFfjma0zHhhOhvWSSN6ipe2VW1JerpSFuFWMY=
机械设备行业2026年年度投资策略：成长周期轮动，主题复苏并驱,国元证券,2025-12-31 00:00:00.000,专用设备,https://data.eastmoney.com/report/zw_industry.jshtml?encodeUrl=0UMGqDnZbBqL2Ad6MHdmD3AS2hyrGLfUKUd0bmkFQOk=
2025年中国智能制造行业研究报告,硕远咨询,2025-12-30 00:00:00.000,专用设备,https://data.eastmoney.com/report/zw_industry.jshtml?encodeUrl=4leCkw1nxCVGqyBiUESiZdp7R2cwPOlFbd4okdxM4j8=
先进制造行业周报：优必选收购锋龙股份，国内机器人产业链资本化提速,中航证券,2025-12-29 00:00:00.000,专用设备,https://data.eastmoney.com/report/zw_industry.jshtml?encodeUrl=wJmoRmmifEjydfe/kPnTR844kbppZ33shxyNa7YSbrk=
具身智能行业研究：人形机器人标委会成立，优必选16亿收购锋龙股份,国金证券,2025-12-28 00:00:00.000,专用设备,https://data.eastmoney.com/report/zw_industry.jshtml?encodeUrl=6XT6d6nxZNcP9JXS1dtw9uosgnB/81gJ9wkSdV910Xo=
中国协作机器人行业调研简报：市场洞察：从“安全柔性”到“工艺升级”，协作机器人应用版图与增长逻辑,头豹研究院,2025-12-26 00:00:00.000,专用设备,https://data.eastmoney.com/report/zw_industry.jshtml?encodeUrl=2xV1PvvT9zZfDSJyjy98JVc3qxpvY7T4MXiqlaQS/Gs=
具身智能复合移动机器人产业发展蓝皮书（2025版）,深圳市新战略传媒,2025-12-25 00:00:00.000,专用设备,https://data.eastmoney.com/report/zw_industry.jshtml?encodeUrl=MKF7cC+MZ9vDOQWsqD7ZgkBrvgPTE91AB/CvRtd3lrI=
千亿赛道，无人机产业开启黄金发展期,深圳汉鼎智库咨询服务,2025-12-22 00:00:00.000,专用设备,https://data.eastmoney.com/report/zw_industry.jshtml?encodeUrl=/3mWTBCzbS3S7/Zc46MWFPYVYo/o6ndcDbY8DKUwmhQ=
自适应机器人行业白皮书,灼识投资咨询(上海),2025-12-22 00:00:00.000,专用设备,https://data.eastmoney.com/report/zw_industry.jshtml?encodeUrl=/3mWTBCzbS3S7/Zc46MWFC2UkI9mpzj0APh9LNyxVdI=
机械行业周报：AI算力爆发催生液冷散热，关注液冷设备相关标的,太平洋,2025-12-22 00:00:00.000,专用设备,https://data.eastmoney.com/report/zw_industry.jshtml?encodeUrl=/3mWTBCzbS3S7/Zc46MWFOCqCEG972HicCRI2x0ui+k=
高端装备制造产业研究周报：宇树机器人演唱会惊艳伴舞，银河通用完成3亿美金融资,国金证券,2025-12-22 00:00:00.000,专用设备,https://data.eastmoney.com/report/zw_industry.jshtml?encodeUrl=/3mWTBCzbS3S7/Zc46MWFGDPlF2pKAXKUmrHuvuNjwg=
具身智能行业研究：宇树机器人演唱会惊艳伴舞，银河通用完成3亿美金融资,国金证券,2025-12-21 00:00:00.000,专用设备,https://data.eastmoney.com/report/zw_industry.jshtml?encodeUrl=SEAYpqX0aQR/cH+ISuzDB6gkgqzp3D7zYUdhxQUQWyM=
具身智能行业研究：具身智能纳入多省级“十五五”规划，智元第5000台机器人下线,国金证券,2025-12-14 00:00:00.000,专用设备,https://data.eastmoney.com/report/zw_industry.jshtml?encodeUrl=UuMiCa57Dzl2XEUqskt5gv9T2CmQ51jsdN7F/h37+bg=
中小型企业的人工智能采用,经合组织,2025-12-14 00:00:00.000,专用设备,https://data.eastmoney.com/report/zw_industry.jshtml?encodeUrl=UuMiCa57Dzl2XEUqskt5gvQVwcXriAEQTjey4Vy/zjk=
AI设备系列：存储芯片加速扩产带来相关检测需求增长,山西证券,2025-12-12 00:00:00.000,专用设备,https://data.eastmoney.com/report/zw_industry.jshtml?encodeUrl=NRB18F/sLmkGIWMyurzq0rv4h8VZxws/9m4I0HoWKCk=
机械行业周报：低空发展稳健，看好工程机械未来发展,国元证券,2025-12-02 00:00:00.000,专用设备,https://data.eastmoney.com/report/zw_industry.jshtml?encodeUrl=fpXfHA+jnq6O4k/+JdnC9xKCBrVaXe8BLA3kNwLX1DU=
人形机器人产业周报：国家发改委提示防范重复度高的产品“扎堆”上市，优必选再获1.43亿订单,国元证券,2025-12-02 00:00:00.000,专用设备,https://data.eastmoney.com/report/zw_industry.jshtml?encodeUrl=fpXfHA+jnq6O4k/+JdnC9y1xKxA9kp28e4xLOCcurKo=
机械行业周报：人形机器人产业催化持续，关注板块相关标的,太平洋,2025-12-01 00:00:00.000,专用设备,https://data.eastmoney.com/report/zw_industry.jshtml?encodeUrl=6DjqrvywRuq5VjNc+rn3YauWzqg7yMIXvfPUJ7riBbI=
新兴产业行业周报：OCS产业进度加速，重视金刚石散热应用,华安证券,2025-11-30 00:00:00.000,专用设备,https://data.eastmoney.com/report/zw_industry.jshtml?encodeUrl=Z4IPzH8gCCywQFj2lVXNW2d4rVKMs5ZLY6YT1CPG32I=
市场洞察：从一机难求到供需平衡，特种机器人市场产能波动原因,头豹研究院,2025-11-27 00:00:00.000,专用设备,https://data.eastmoney.com/report/zw_industry.jshtml?encodeUrl=SMUdRuvWX/2ajkO649Im/RcsyDR16UFrROaHjl6A98o=
2025年智能养老机器人品牌推荐：科技重塑养老边界，智能开启守护纪元,头豹研究院,2025-11-27 00:00:00.000,专用设备,https://data.eastmoney.com/report/zw_industry.jshtml?encodeUrl=SMUdRuvWX/2ajkO649Im/QP2m8MT4q3cT5gCzfxKfn8=
2025手持智能影像设备需求洞察,艺恩数据,2025-11-25 00:00:00.000,专用设备,https://data.eastmoney.com/report/zw_industry.jshtml?encodeUrl=x61AL1izFpQenOK08jG1O81DMMBZ+qsgb3Shl0FXIXg=
智能四足新时代，国产机器狗能否引领全球竞赛？头豹词条报告系列,头豹研究院,2025-11-24 00:00:00.000,专用设备,https://data.eastmoney.com/report/zw_industry.jshtml?encodeUrl=00ylwMhJiAk1Ftiu8lE6dY6PB/BIuwceLLupsxFyCCk=
机械设备行业点评报告：人形机器人：情绪向左，产业向右,开源证券,2025-11-20 00:00:00.000,专用设备,https://data.eastmoney.com/report/zw_industry.jshtml?encodeUrl=dMBF5w6DQwhSwXuq42eGC2WjLX/bJwdMGOU5xg+7VQQ=
低空耕者——农业无人机重塑智慧农耕的新范式与未来图景 头豹词条报告系列,头豹研究院,2025-11-19 00:00:00.000,专用设备,https://data.eastmoney.com/report/zw_industry.jshtml?encodeUrl=pAcXU3mZEPR/be7pEpGqmA5F5+uth9sTVaTUUtIeS6k=
人形机器人产业周报：宇树科技完成IPO辅导，萝博派对完成千万美元种子轮融资,国元证券,2025-11-17 00:00:00.000,专用设备,https://data.eastmoney.com/report/zw_industry.jshtml?encodeUrl=f66l2rSlD79qQS+WCMOpHjDI1DN+xstzREGKpgK+Fg8=
具身智能行业研究：工信部深化“机器人+”应用行动，宇树科技推出首款轮式机器人,国金证券,2025-11-17 00:00:00.000,专用设备,https://data.eastmoney.com/report/zw_industry.jshtml?encodeUrl=f66l2rSlD79qQS+WCMOpHnseIm3lErGup6IsG4swJko=
机械行业研究：叉车：全球需求景气上行，具身智能助力新成长,国金证券,2025-11-14 00:00:00.000,专用设备,https://data.eastmoney.com/report/zw_industry.jshtml?encodeUrl=ejU8ec8Ztpv3WLVED8L+ybbz6X8fNhZLar0kwXMlRUs=
2025年中国工业无人机行业（二）：厂商技术突围与场景落地战,头豹研究院,2025-11-11 00:00:00.000,专用设备,https://data.eastmoney.com/report/zw_industry.jshtml?encodeUrl=J3TeoI0nJyrktVM2xZFkn1JZvaIasAuOI7QR5oYqesM=
人形机器人产业周报：马斯克万亿薪酬方案通过，小鹏新一代IRON人形机器人亮相,国元证券,2025-11-10 00:00:00.000,专用设备,https://data.eastmoney.com/report/zw_industry.jshtml?encodeUrl=DSlDEcPhQg9YUtRjTVcp/Q7OGmqAnkh0/hUS6fJnIuI=
机械行业周报：小鹏发布新一代机器人IRON，关注产业链相关标的,太平洋,2025-11-10 00:00:00.000,专用设备,https://data.eastmoney.com/report/zw_industry.jshtml?encodeUrl=DSlDEcPhQg9YUtRjTVcp/SgWj2Ar6LaVz7G076vOCak=
Tesla model 3减速器齿轴和差速器拆解,驱动视界(北京)技术,2025-11-10 00:00:00.000,专用设备,https://data.eastmoney.com/report/zw_industry.jshtml?encodeUrl=DSlDEcPhQg9YUtRjTVcp/Y2OzcXybn4InwX3tCGAfBE=
机械设备行业周报：关注人形机器人、工程机械及流程工业,信达证券,2025-11-10 00:00:00.000,专用设备,https://data.eastmoney.com/report/zw_industry.jshtml?encodeUrl=DSlDEcPhQg9YUtRjTVcp/chm1X5Slfjq86MTRM+EYJ8=
《2025年中国大模型行业发展研究报告》：CBDG四维生态成为新范式，体系化竞争成为关键,36氪,2025-11-08 00:00:00.000,专用设备,https://data.eastmoney.com/report/zw_industry.jshtml?encodeUrl=7BuH0qwcF3fALOIIsnVZQ++QhAD+fzL91HvKF137zUE=
机器人三季报总结：产业链迈向量产，关注细分龙头,国金证券,2025-11-03 00:00:00.000,专用设备,https://data.eastmoney.com/report/zw_industry.jshtml?encodeUrl=M3W+xvIoKL6BPVVY0LPN8NpyJKutW+8XxcFPL98m7SU=
装备制造行业周报（10月第5周）：9月逆变器出口稳定增长,世纪证券,2025-11-03 00:00:00.000,专用设备,https://data.eastmoney.com/report/zw_industry.jshtml?encodeUrl=M3W+xvIoKL6BPVVY0LPN8If4bduVswgL4A6zzro3FIc=
G7的未来展望：数字化转型和人工智能在电力系统转型中的应用,国际可再生能源署,2025-11-03 00:00:00.000,专用设备,https://data.eastmoney.com/report/zw_industry.jshtml?encodeUrl=2R2GwUSzqkpYR1CTmpKwIte+RoztqpDOlFzUgxSAMGo=
机械行业：聚焦“十五五”，高端装备打开空间,东兴证券,2025-10-29 00:00:00.000,专用设备,https://data.eastmoney.com/report/zw_industry.jshtml?encodeUrl=ZfRS9u1+yR6qdUL1kKqzWsIf7CAo5gFANwhwjEi1xEQ=
人形机器人产业周报：顶层设计加码人工智能，特斯拉量产计划改变,国元证券,2025-10-27 00:00:00.000,专用设备,https://data.eastmoney.com/report/zw_industry.jshtml?encodeUrl=U3hEii+RoCHWbL9q+iUF+Aht3ekYKmLIRtmhW1TNnQ4=
制造成长周报（第32期）：特斯拉将在2026年一季度推出Optimus V3，宇树科技发布H2仿生人形机器人,国信证券,2025-10-27 00:00:00.000,专用设备,https://data.eastmoney.com/report/zw_industry.jshtml?encodeUrl=U3hEii+RoCHWbL9q+iUF+Lg+JrgkZtNsS/jZTFWA2hw=
具身智能行业研究：乐聚完成15亿Pre-IPO融资，松延动力发布9998元小布米,国金证券,2025-10-26 00:00:00.000,专用设备,https://data.eastmoney.com/report/zw_industry.jshtml?encodeUrl=B6A7Rc+ZDO2TxGKVY207+pUaP0mVKtdD80Bju5Z0drI=
特斯拉系列点评十：2025Q3交付新高机器人量产节奏明确,民生证券,2025-10-24 00:00:00.000,专用设备,https://data.eastmoney.com/report/zw_industry.jshtml?encodeUrl=uCx8HzdfbCuayqcz6MlfOfgSjQ8Yrr4tfqaZvmn3T3c=
中国机器人行业调研简报|2025/07：市场洞察：机器人热潮烧到资本市场，港交所成“智能制造第二战场”？,头豹研究院,2025-10-23 00:00:00.000,专用设备,https://data.eastmoney.com/report/zw_industry.jshtml?encodeUrl=DSLwKqw7joH6soo5U4/1qzGxBt9cc0I0zii+2cMq/7s=
机器人行业周报：智元轮式机器人精灵G2发布，优必选接连斩获大额订单,西南证券,2025-10-20 00:00:00.000,专用设备,https://data.eastmoney.com/report/zw_industry.jshtml?encodeUrl=prfADWMIFM1ipLZEkjogjEUG/PqqPQBRYHUBt4jxiHU=
2025全球协作机器人产业发展白皮书：具身智能时代的技术突破与产业重构,北京铂睿德佳信息服务,2025-10-20 00:00:00.000,专用设备,https://data.eastmoney.com/report/zw_industry.jshtml?encodeUrl=MC+x3QEEwF2qLV6k+MR56jVWTsY7SRpt43qJNgmg9GE=
工业母机：“大国重器”的高端突围与国产替代,大公国际资信评估,2025-10-16 00:00:00.000,专用设备,https://data.eastmoney.com/report/zw_industry.jshtml?encodeUrl=JXYf1I/7KeBf8E+sYInKQk3lPGN6HC1iwIWb77IAFhA=
专用设备行业点评报告：半导体设备：新凯来即将亮相湾芯展，看好先进制程设备国产化持续提升,东吴证券,2025-10-14 00:00:00.000,专用设备,https://data.eastmoney.com/report/zw_industry.jshtml?encodeUrl=qfXHKU/bUZjBoEO2Hcm7923OUraQ0FVQKXhBLQTvzD4=
专用设备行业点评报告：锂电设备：出口管制不等于禁止出口，看好头部设备商规范出海,东吴证券,2025-10-14 00:00:00.000,专用设备,https://data.eastmoney.com/report/zw_industry.jshtml?encodeUrl=qfXHKU/bUZjBoEO2Hcm793WjyfVh5adpysfe1D62pWc=
人形机器人产业周报：Figure03发布，优必选再签3000万人形机器人大单,国元证券,2025-10-14 00:00:00.000,专用设备,https://data.eastmoney.com/report/zw_industry.jshtml?encodeUrl=hFC0SqcQ78+lmAu/EfptFiU9DtNHhFBITTkusnxO2fg=
企业竞争图谱：2025年商用无人机 头豹词条报告系列,头豹研究院,2025-10-14 00:00:00.000,专用设备,https://data.eastmoney.com/report/zw_industry.jshtml?encodeUrl=hFC0SqcQ78+lmAu/EfptFuX7LmiUivWIfWjru5CrRpM=
中国机器人行业调研简报：市场洞察：外骨骼机器人掀起人机融合新革命,头豹研究院,2025-09-30 00:00:00.000,专用设备,https://data.eastmoney.com/report/zw_industry.jshtml?encodeUrl=7ft6tW+Pof61dW96nZB8GYhMNwVRIKGJC6n57t4ljXs=
3.1亿老年群体的智能守护：养老机器人正改写养老格局！,深圳汉鼎智库咨询服务,2025-09-29 00:00:00.000,专用设备,https://data.eastmoney.com/report/zw_industry.jshtml?encodeUrl=kkQV2N5B83ZB+eyt8Re7Q8e/1L76bcxKZmQmMUiMxbo=
机械行业周报：金刚石散热方案成为焦点，关注产业相关标的,太平洋,2025-09-29 00:00:00.000,专用设备,https://data.eastmoney.com/report/zw_industry.jshtml?encodeUrl=kkQV2N5B83ZB+eyt8Re7Q9qs/AJZ39mW8FAbtzBGKsI=
机械行业周报：出口稳步增长，低空政策频发,国元证券,2025-09-25 00:00:00.000,专用设备,https://data.eastmoney.com/report/zw_industry.jshtml?encodeUrl=G0YE5X/hWaSMkflGiPYBhHKWfFDx25oM3cg/Wf9YBiA=
人形机器人产业周报：Figure融资超10亿美元，关注特斯拉人形机器人进展,国元证券,2025-09-22 00:00:00.000,专用设备,https://data.eastmoney.com/report/zw_industry.jshtml?encodeUrl=6SLLe90LOIOeZ3o0I8R5s2O2SPyD8F2aEweP/kXZATM=
机械行业周报：人形机器人近期催化密集，关注Q4产业进展,太平洋,2025-09-22 00:00:00.000,专用设备,https://data.eastmoney.com/report/zw_industry.jshtml?encodeUrl=6SLLe90LOIOeZ3o0I8R5s541PLZdCzV3RbLYuGrsOZU=
装备制造行业周报（9月第3周）：硅片景气度有所改善,世纪证券,2025-09-22 00:00:00.000,专用设备,https://data.eastmoney.com/report/zw_industry.jshtml?encodeUrl=6SLLe90LOIOeZ3o0I8R5s9y0MsWm6pc4KPZOCf+clOA=
人形机器人系列报告三：国产人形机器人：多维共振 应用场景落地加速,民生证券,2025-09-20 00:00:00.000,专用设备,https://data.eastmoney.com/report/zw_industry.jshtml?encodeUrl=mMvUyXLOaMfToDXGvUAMNqHPS7pTv5iA///0XEZcNq0=
人形机器人系列报告四：海外人形机器人：特斯拉引领 迈向具身智能新纪元,民生证券,2025-09-19 00:00:00.000,专用设备,https://data.eastmoney.com/report/zw_industry.jshtml?encodeUrl=jHU//dWKznErOVB2A8A9+rAGGqrDmJ8clsieuPl5T1I=
半导体设备：关注国产算力芯片发展，看好国产设备商充分受益,东吴证券,2025-09-18 00:00:00.000,专用设备,https://data.eastmoney.com/report/zw_industry.jshtml?encodeUrl=OqPo8NCBY06mq07z3k+8Sg7GYCN0cpgqIbNKXCUhXag=
机器人行业研究：蚂蚁R1机器人亮相外滩大会，L4多场景有望持续推进,国金证券,2025-09-14 00:00:00.000,专用设备,https://data.eastmoney.com/report/zw_industry.jshtml?encodeUrl=5TkTFel9JDlQMrgZgUQdwHuuU02ODCmZ1UOL/CrTc9k=
机器人行业研究：技术创新与市场共振，机器人产业商业化进程提速,源达信息,2025-09-12 00:00:00.000,专用设备,https://data.eastmoney.com/report/zw_industry.jshtml?encodeUrl=ylSRTQxKtVDKtk8MPfeV6p827DMbfmKi7RY0tImsL0I=
人形机器人产业周报：宇树宣布Q4提交IPO申请，优必选获2.5亿元人形机器人合同,国元证券,2025-09-09 00:00:00.000,专用设备,https://data.eastmoney.com/report/zw_industry.jshtml?encodeUrl=jOpZ8q3SeihB01PVClRo1lL0VWaAMAfPfQdnEWhZsuA=
具身智能行业研究：Robotaxi多哈开跑，优必选斩获2.5亿元订单,国金证券,2025-09-07 00:00:00.000,专用设备,https://data.eastmoney.com/report/zw_industry.jshtml?encodeUrl=ad90330l0r8szeI4mkc2QtqRKMjpxkbSOKgHt2URzqk=
机械行业周报：海外矿山资本开支景气上行，国产主机厂出海空间广阔,太平洋,2025-09-01 00:00:00.000,专用设备,https://data.eastmoney.com/report/zw_industry.jshtml?encodeUrl=MJ3xioKgNhk1hYhJk1W6aLTSPTik9QxgH/vTJVqdjok=
机械行业研究：量子计算专题：下一代计算革命，关注核心设备环节,国金证券,2025-08-29 00:00:00.000,专用设备,https://data.eastmoney.com/report/zw_industry.jshtml?encodeUrl=BJDoBbUR+rLLVekuPW6WWIWyoq2a5MHkgeMawXeWspM=
企业竞争图谱：2025年水下机器人 头豹词条报告系列,头豹研究院,2025-08-26 00:00:00.000,专用设备,https://data.eastmoney.com/report/zw_industry.jshtml?encodeUrl=HgZco4YlXhpLZ5hROV4D7VeRwLSI9/ZkaIGfBiHsb2A=
机器人系列深度报告：具身智能大时代，算力芯片筑底座,华金证券,2025-08-26 00:00:00.000,专用设备,https://data.eastmoney.com/report/zw_industry.jshtml?encodeUrl=HgZco4YlXhpLZ5hROV4D7Z+QrX3lWCkwEMtm59QkGT4=
具身智能爆发前夜，人形机器人产业驶入快车道,深圳来觅数据信息科技,2025-08-26 00:00:00.000,专用设备,https://data.eastmoney.com/report/zw_industry.jshtml?encodeUrl=HgZco4YlXhpLZ5hROV4D7RyVRx8ifX+Hx3J6/EKisnI=
智元机器人合作伙伴大会回顾,建银国际证券,2025-08-25 00:00:00.000,专用设备,https://data.eastmoney.com/report/zw_industry.jshtml?encodeUrl=JkYfBgdyh6mbw1+gP5447ryEOtvmNJdwd9VQJvfECfk=
PCB设备深度报告：受益于下游高景气+供需缺口+进口替代，设备商是黄金卖铲人,东吴证券,2025-08-23 00:00:00.000,专用设备,https://data.eastmoney.com/report/zw_industry.jshtml?encodeUrl=9CAenMWPPaCx2973iMXAQSyaSGDZxFeClww7Mg7C85I=
人形机器人月报：技术场景双突破，头部订单激活产业链,中航证券,2025-08-21 00:00:00.000,专用设备,https://data.eastmoney.com/report/zw_industry.jshtml?encodeUrl=fZhOEB8bnyJRXkkP6rpUTmkAyqX6rMSy3v3yKCyy108=
市场洞察：扫地机器人“长手”，如何看待行业新卖点？,头豹研究院,2025-08-18 00:00:00.000,专用设备,https://data.eastmoney.com/report/zw_industry.jshtml?encodeUrl=S4LMfpS5vjd/zeCuGi0DeJhzT8OuGvwb23e3QexAyks=
人形机器人产业周报：英伟达推出新模型，宇树H1获人形机器人运动会首金,国元证券,2025-08-18 00:00:00.000,专用设备,https://data.eastmoney.com/report/zw_industry.jshtml?encodeUrl=S4LMfpS5vjd/zeCuGi0DeAnzdzksYAjDhxCX8dR6ZDI=
先进制造行业周报：全球首个机器人运动会开幕，智元率先推出机器人世界模型开源平台,中航证券,2025-08-18 00:00:00.000,专用设备,https://data.eastmoney.com/report/zw_industry.jshtml?encodeUrl=gCsax9BejqO3BN5JiRYGBReatnobF5wSJwI7gO5fRb0=
市场简报：便携与高效并存：热敏打印机的移动打印新生态,头豹研究院,2025-08-13 00:00:00.000,专用设备,https://data.eastmoney.com/report/zw_industry.jshtml?encodeUrl=E1exjWay8Kob2J65hJtOlG3HxJGNe2ubs6+M2HlUsII=
人形机器人产业周报：宝通科技联手宇树落地矿业龙头，灵心巧手完成融资,国元证券,2025-08-11 00:00:00.000,专用设备,https://data.eastmoney.com/report/zw_industry.jshtml?encodeUrl=xlxWKjFcm6eZhQElB4dJc9FVJfmjPDq3djQl1YZMbFM=
机械行业周报：WRC热度火爆，看好人形机器人产业快速发展,太平洋,2025-08-11 00:00:00.000,专用设备,https://data.eastmoney.com/report/zw_industry.jshtml?encodeUrl=xlxWKjFcm6eZhQElB4dJc2ddh3YJ1OMuEc+stcHV0RI=
民用无人机：低空智联——从农业植保到即时物流的无人机全场景跃迁 头豹词条报告系列,头豹研究院,2025-08-08 00:00:00.000,专用设备,https://data.eastmoney.com/report/zw_industry.jshtml?encodeUrl=hcDmwHpaUBFQfPXdGPEqYRVSPQ3ZeBH2FRnc44UAWmY=
人形机器人应用与发展前瞻,中国联通,2025-08-07 00:00:00.000,专用设备,https://data.eastmoney.com/report/zw_industry.jshtml?encodeUrl=+Mz+Q2xMGuvXLHDCURVde6CZVBw2DEqExthEcgTRRXs=
简报：3D食品打印机-未来厨房新革命，定制美食触手可及,头豹研究院,2025-08-07 00:00:00.000,专用设备,https://data.eastmoney.com/report/zw_industry.jshtml?encodeUrl=+Mz+Q2xMGuvXLHDCURVde8BYUGw8l+3+g8nviUYkxUA=
人形机器人商业化加速落地，建议关注北交所相关标的,东吴证券,2025-08-07 00:00:00.000,专用设备,https://data.eastmoney.com/report/zw_industry.jshtml?encodeUrl=+Mz+Q2xMGuvXLHDCURVde04uyMb4Ro1+U+DIi6VQzeg=
高端装备制造行业：产业发展提速提振市场偏好-2025世界机器人大会即将开幕,国新证券股份,2025-08-07 00:00:00.000,专用设备,https://data.eastmoney.com/report/zw_industry.jshtml?encodeUrl=+Mz+Q2xMGuvXLHDCURVde/0eW4kAW8vgln9cjEWTsXA=
人形机器人行业专题研究周报：WAIC 2025成功举办，机器人应用端逐步落地,华龙证券,2025-08-05 00:00:00.000,专用设备,https://data.eastmoney.com/report/zw_industry.jshtml?encodeUrl=OLkTIBF+7kehNuiDxhKRCajtwSyXDL/sLG+EUGdeHIU=
专用设备行业点评报告：头部厂商公布固态电池时间线指引，设备商有望率先受益,东吴证券,2025-07-31 00:00:00.000,专用设备,https://data.eastmoney.com/report/zw_industry.jshtml?encodeUrl=rgkFpQQy1VdtB6g8kJx0MKPBhtzR/y6PQI1D/plXy1Q=
企业竞争图谱：2025年人形机器人线束 头豹词条报告系列,头豹研究院,2025-07-30 00:00:00.000,专用设备,https://data.eastmoney.com/report/zw_industry.jshtml?encodeUrl=vzAfMOGLZAnAerXkGOoW7Nx5FsGu/ovZHR0LhckmjCA=
2025年中国水下机器人行业概览：深海科技崛起，水下机器人如何撬动万亿市场（精华版）,头豹研究院,2025-07-30 00:00:00.000,专用设备,https://data.eastmoney.com/report/zw_industry.jshtml?encodeUrl=vzAfMOGLZAnAerXkGOoW7IucxEUgDULTOWhG/grnipI=
机械行业周报：人形机器人产业链集中亮相WAIC，看好产业技术快速迭代,太平洋,2025-07-29 00:00:00.000,专用设备,https://data.eastmoney.com/report/zw_industry.jshtml?encodeUrl=1ty3c2DAOpK06Ey7dFpLMhMCbvuSFPsN1x3KP/LBsAQ=
2025年中国泳池清洁机器人行业研究报告（下）：中国企业出海，国产泳池机器人“游”向世界新蓝海（精华版）,头豹研究院,2025-07-29 00:00:00.000,专用设备,https://data.eastmoney.com/report/zw_industry.jshtml?encodeUrl=1ty3c2DAOpK06Ey7dFpLMtLaEuDYJB8yC6XPgdKbu8Y=
人形机器人行业快评报告：宇树科技启动IPO辅导，并发布最新款人形机器人Unitree R1,万联证券,2025-07-29 00:00:00.000,专用设备,https://data.eastmoney.com/report/zw_industry.jshtml?encodeUrl=1ty3c2DAOpK06Ey7dFpLMnihDxekdtNyu3lVLtL2vA4=
人形机器人产业周报：宇树Unitree R1售价3.99万元起，WAIC开幕,国元证券,2025-07-29 00:00:00.000,专用设备,https://data.eastmoney.com/report/zw_industry.jshtml?encodeUrl=1ty3c2DAOpK06Ey7dFpLMn1/ch/0bJR3IDuFu4vtcd0=
人形机器人行业专题研究周报：宇树发布双足机器人R1，超150台人形机器人亮相WAIC,华龙证券,2025-07-28 00:00:00.000,专用设备,https://data.eastmoney.com/report/zw_industry.jshtml?encodeUrl=G7Em0vxZ7Uwm6+wL+qp+F2JoC61BL4rosLE1lX9ObcI=
专用设备行业点评报告：设备商持续交付固态电池中试设备，率先受益于新技术产业化,东吴证券,2025-07-28 00:00:00.000,专用设备,https://data.eastmoney.com/report/zw_industry.jshtml?encodeUrl=G7Em0vxZ7Uwm6+wL+qp+F7+FBFYrHIpD81cvGZ45PZk=
人形机器人产业化加速：优必选科技拿下近亿元工业机器人订单,国新证券股份,2025-07-24 00:00:00.000,专用设备,https://data.eastmoney.com/report/zw_industry.jshtml?encodeUrl=P5QYkh/44wz7Ik/moYqXyyPMIWtSOm/LH/CycI1y2ck=
人形机器人行业深度报告：机器人旋转关节核心部件，精密减速器国产替代正当时,东吴证券,2025-07-24 00:00:00.000,专用设备,https://data.eastmoney.com/report/zw_industry.jshtml?encodeUrl=P5QYkh/44wz7Ik/moYqXy71sue/7S9CGw23pFRqh6pg=
全球人工智能/机器人：行业密集利好来袭，看好头部领先公司,招商证券(香港),2025-07-23 00:00:00.000,专用设备,https://data.eastmoney.com/report/zw_industry.jshtml?encodeUrl=B6Wc71c4Sqe5mmqIcTIusjkCczyzCjadyASEW6W4Cdw=
智元机器人专题（一）：国内人形商业化头部公司，供应链生态初具雏形,国金证券,2025-07-22 00:00:00.000,专用设备,https://data.eastmoney.com/report/zw_industry.jshtml?encodeUrl=T5SG4XxD5V5I2qKDy8xiyuJyo3FRTF0U25xJr7HZDUc=
专用设备行业点评报告：上汽集团10万级半固态电池车型落地，关键干法工艺产业化在即,东吴证券,2025-07-22 00:00:00.000,专用设备,https://data.eastmoney.com/report/zw_industry.jshtml?encodeUrl=T5SG4XxD5V5I2qKDy8xiyqx+gRTJGv2R8mxe7FCBTVo=
人形机器人从概念到量产，核心零部件机遇梳理,东海证券,2025-07-18 00:00:00.000,专用设备,https://data.eastmoney.com/report/zw_industry.jshtml?encodeUrl=AwUnlhsZQFgqkO86NbwQPd6WmBu+hkKENg66sEh5IlA=
2025年中国智能养老机器人行业概览：从老有所养到老有所乐，智能重构养老体验,头豹研究院,2025-07-17 00:00:00.000,专用设备,https://data.eastmoney.com/report/zw_industry.jshtml?encodeUrl=cnCuuBMU5Ud8NGsekm6V9QEVNdcMJq1YY5O1PNg4cqM=
人形机器人从概念到量产，核心零部件机遇梳理,东海证券,2025-07-17 00:00:00.000,专用设备,https://data.eastmoney.com/report/zw_industry.jshtml?encodeUrl=cnCuuBMU5Ud8NGsekm6V9RWwf6QJ9vWxIU5E9MrCsLw=
人形机器人行业中期投资策略：关注机器人国内外本体供应链和应用端机会,上海证券,2025-07-15 00:00:00.000,专用设备,https://data.eastmoney.com/report/zw_industry.jshtml?encodeUrl=7e29OhmpQGbIV8eMFrKM7BYnTLgY+83QXPUpavzRjQQ=
机器人行业跟踪报告：5月工业机器人产量同比高增，服务机器人产量同比增速重回双位数,万联证券,2025-07-14 00:00:00.000,专用设备,https://data.eastmoney.com/report/zw_industry.jshtml?encodeUrl=UAX03/5djJtzcGs+Gse7lz1B7WaXiWUBci4FudkOY9c=
具身智能行业研究：智元拟收购上纬新材63.62%股份，比亚迪实现媲美L4级智能泊车,国金证券,2025-07-13 00:00:00.000,专用设备,https://data.eastmoney.com/report/zw_industry.jshtml?encodeUrl=GKCP5qgaWp3J/iZEUE/Bws1CAHPIak6FAdZodIL43Ok=
人形机器人行业深度报告：人形轻量化大势所趋，镁合金&“以塑代钢”是核心,东吴证券,2025-07-13 00:00:00.000,专用设备,https://data.eastmoney.com/report/zw_industry.jshtml?encodeUrl=hM4HimE9zndxCWY48MWRa/wCmpMR5ABqfjytCZhUYmc=
2025年中期人形机器人行业投资策略报告：量产破局，链动新机,万联证券,2025-07-11 00:00:00.000,专用设备,https://data.eastmoney.com/report/zw_industry.jshtml?encodeUrl=B0MXS/YNk7jXnKBwJtgWPJB+9XMDa1VX0bPHIKoaVgk=
市场洞察：咖啡革命2.0，智能咖啡机的高端化与家用普及之路,头豹研究院,2025-07-09 00:00:00.000,专用设备,https://data.eastmoney.com/report/zw_industry.jshtml?encodeUrl=hIuRwRt96IhcNsmLqPd7SXn5jtwOYWapQ77VOjMDZLs=
2025年中国轻量化垂钓装备行业标准白皮书,头豹研究院,2025-07-08 00:00:00.000,专用设备,https://data.eastmoney.com/report/zw_industry.jshtml?encodeUrl=E/Zy4FO8iPoSgOdUkCRmgsJQcAiumuyP47M7mmGwh00=
机器人行业专题报告：人形机器人量产在即，重视相关新材料投资机会,民生证券,2025-07-08 00:00:00.000,专用设备,https://data.eastmoney.com/report/zw_industry.jshtml?encodeUrl=E/Zy4FO8iPoSgOdUkCRmghnbsP7OzK+9OMAp5JEpMdo=
人形机器人系列专题之新型减速器：摆线减速器有望成为人形机器人新的迭代方向,国信证券,2025-07-07 00:00:00.000,专用设备,https://data.eastmoney.com/report/zw_industry.jshtml?encodeUrl=XYPnWY1KD0H+1xxFhwRzTc6jlo4m4ywWX9qA1cMXw/0=
PCR仪：打破进口垄断，中国“智造”领跑分子诊断赛道 头豹词条报告系列,头豹研究院,2025-07-04 00:00:00.000,专用设备,https://data.eastmoney.com/report/zw_industry.jshtml?encodeUrl=QNfgn8uW7Cx8Y2iVVXDmaO/FhxxuNSXSAD51amPWC7Y=
人形机器人行业观点报告：1X机器人工业版筑基，家庭版持续迭代，关注1X机器人产业链,上海证券,2025-07-03 00:00:00.000,专用设备,https://data.eastmoney.com/report/zw_industry.jshtml?encodeUrl=p0dIQVQU7hf3rtsRJDNNmyg5IybBSfgUcfsBRMf2zNg=
人形机器人产业周报：海尔成立机器人事业部，银河通用获11亿元融资,国元证券,2025-07-03 00:00:00.000,专用设备,https://data.eastmoney.com/report/zw_industry.jshtml?encodeUrl=p0dIQVQU7hf3rtsRJDNNm7MwvyAeL+Tx3VtQcPTnEY0=
没有国家的旧机器人：欧洲如何跨越机器人技术前沿？,ALLIANZ RESEARCH,2025-07-02 00:00:00.000,专用设备,https://data.eastmoney.com/report/zw_industry.jshtml?encodeUrl=QKZA6Mk14ejZJmos/gDwTgGbGn0qNifXX2iuzOzOkhQ=
机械行业周报：机器人产业链多家企业拟赴港上市，继续看好板块投资机会,太平洋,2025-06-30 00:00:00.000,专用设备,https://data.eastmoney.com/report/zw_industry.jshtml?encodeUrl=x+jp3GyPmxVK4xc0gB5JbE3wGlFH7woFghjHK96lUrA=
腾讯云机器人行业解决方案,腾讯云计算(北京),2025-06-29 00:00:00.000,专用设备,https://data.eastmoney.com/report/zw_industry.jshtml?encodeUrl=QY0oJbJocf8pQluGwKhGb9suL1twxt2YlDKytXMoiWI=
人形机器人的商业化路径还有多远？,百思特管理咨询,2025-06-29 00:00:00.000,专用设备,https://data.eastmoney.com/report/zw_industry.jshtml?encodeUrl=QY0oJbJocf8pQluGwKhGb/eJ6BhwpwZiL9e5I2PkHFA=
市场洞察：人口老龄化加速，养老机器人如何赋能智能康养？,头豹研究院,2025-06-27 00:00:00.000,专用设备,https://data.eastmoney.com/report/zw_industry.jshtml?encodeUrl=Igfp5TXPWswTruE6JxsZaWBJzzlElJSoc7qdRx0MHcM=
人形机器人行业深度报告：灵巧手持续迭代，关注技术路线收敛中的边际增量,东吴证券,2025-06-27 00:00:00.000,专用设备,https://data.eastmoney.com/report/zw_industry.jshtml?encodeUrl=Igfp5TXPWswTruE6JxsZaTg8bg90h/VTm64j2MpiWGk=
丝杠行业深度报告：人形机器人催化丝杠国产化，优质企业乘势而上,东吴证券,2025-06-27 00:00:00.000,专用设备,https://data.eastmoney.com/report/zw_industry.jshtml?encodeUrl=Igfp5TXPWswTruE6JxsZabDOLNjlqzEs1Cg+gHHs4Ow=
机器人中期策略：定点行情继续，关注新技术方案迭代,国金证券,2025-06-26 00:00:00.000,专用设备,https://data.eastmoney.com/report/zw_industry.jshtml?encodeUrl=P/MkH0qK2/hOG/Qhw2SBkJTOgzOhGK/YaH8oA4250eI=
专用设备行业点评报告：QS高性能固态电池隔膜导入电池产线，全球固态电池有望加速产业化,东吴证券,2025-06-26 00:00:00.000,专用设备,https://data.eastmoney.com/report/zw_industry.jshtml?encodeUrl=P/MkH0qK2/hOG/Qhw2SBkKMI69aW+INS2x1jUrvfDD0=
人工智能：全球首个具身智能机器人4S店落地北京，商业模式创新加速产业化破局,国新证券股份,2025-06-25 00:00:00.000,专用设备,https://data.eastmoney.com/report/zw_industry.jshtml?encodeUrl=bdzy2JGSdZFszMtDdIm1+wq5TFvsPpQoxiVCfaWYZuc=
机械行业周报：华为CloudRobo具身智能平台发布，加速人形机器人产业端进展,太平洋,2025-06-23 00:00:00.000,专用设备,https://data.eastmoney.com/report/zw_industry.jshtml?encodeUrl=w4fQi/MKr+LZHwOz7fGt1IXO7BUWGzX3Heb6s2j0p+g=
机械日报：服务机器人行业迈入“交互体验升级”新阶段,太平洋,2025-06-23 00:00:00.000,专用设备,https://data.eastmoney.com/report/zw_industry.jshtml?encodeUrl=w4fQi/MKr+LZHwOz7fGt1IjVyybgBOp2BbjfFLr0ukY=
机械行业2025年中期投资策略：科技牵头，重视成长赛道机遇,民生证券,2025-06-19 00:00:00.000,专用设备,https://data.eastmoney.com/report/zw_industry.jshtml?encodeUrl=SXSNTWpkoNA9GMJLdw1V9THEUl196AqDPiJj/om16ys=
人形机器人产业周报：工信部推进养老机器人试点，Figure更新进展,国元证券,2025-06-18 00:00:00.000,专用设备,https://data.eastmoney.com/report/zw_industry.jshtml?encodeUrl=SXSNTWpkoNA9GMJLdw1V9YeXzHZynruaH+m0r/eSloU=
人形机器人行业投资策略（二）：多传感融合&材料构建具身智能,群益证券,2025-06-18 00:00:00.000,专用设备,https://data.eastmoney.com/report/zw_industry.jshtml?encodeUrl=SXSNTWpkoNA9GMJLdw1V9aU36+7JBJgs8+4Id7cgDAY=
专用设备行业点评报告：固态电池0-1产业化加速，设备商优先受益,东吴证券,2025-06-18 00:00:00.000,专用设备,https://data.eastmoney.com/report/zw_industry.jshtml?encodeUrl=r4bmWUXjWFqJEiQRb4G7F60/Tinan+xNkRTqdktcnDY=
人形机器人行业专题研究周报：人形机器人催化不断，短期回调不改长期趋势,华龙证券,2025-06-17 00:00:00.000,专用设备,https://data.eastmoney.com/report/zw_industry.jshtml?encodeUrl=r4bmWUXjWFqJEiQRb4G7F2QDTVht1Oq2jknPPNxWS8E=
机器人行业研究：垂直领域具身智能机器人的野望,国金证券,2025-06-17 00:00:00.000,专用设备,https://data.eastmoney.com/report/zw_industry.jshtml?encodeUrl=r4bmWUXjWFqJEiQRb4G7F/6GkxLA+kr1Jy5GIrRI07g=
中国深海科技行业调研简报：市场洞察：下一个“低空经济”？万亿市场蓄势待发,头豹研究院,2025-06-17 00:00:00.000,专用设备,https://data.eastmoney.com/report/zw_industry.jshtml?encodeUrl=r4bmWUXjWFqJEiQRb4G7F9K7jFObcTTtYVbAfsvIWyA=
人形机器人行业专题报告：电子皮肤：人形进化时，感知即未来,华龙证券,2025-06-17 00:00:00.000,专用设备,https://data.eastmoney.com/report/zw_industry.jshtml?encodeUrl=r4bmWUXjWFqJEiQRb4G7F9GKPCwPviDLDeTRkl2SOEk=
机械日报：“河南造”人形机器人上线售卖,太平洋,2025-06-16 00:00:00.000,专用设备,https://data.eastmoney.com/report/zw_industry.jshtml?encodeUrl=94+A0iuI4SQPXFWcIKwZFj7LJJnlaOj+E/rzL5VASVo=
市场洞察：中国宠物自动喂食器行业如何应对挑战并实现未来发展？,头豹研究院,2025-06-13 00:00:00.000,专用设备,https://data.eastmoney.com/report/zw_industry.jshtml?encodeUrl=vXEI6ihL93Z/w1O+yIBaoPCs7ckNLTzOodxckKoIzoU=
机械日报：南京打造机器人之城全力发展具身机器人产业,太平洋,2025-06-13 00:00:00.000,专用设备,https://data.eastmoney.com/report/zw_industry.jshtml?encodeUrl=vXEI6ihL93Z/w1O+yIBaoGgL3anpzEzvOnItKuDeLL0=
脱毛仪：冰点无痛科技，开启丝滑新体验 头豹词条报告系列,头豹研究院,2025-06-11 00:00:00.000,专用设备,https://data.eastmoney.com/report/zw_industry.jshtml?encodeUrl=hHy8j6m5/Me6r52YBONYg+6bYJeAMrLeK3Lax5W1eus=
人形机器人行业周报（第十八期）：特斯拉Optimus主管换人，精锻科技参股格蓝若,国信证券,2025-06-11 00:00:00.000,专用设备,https://data.eastmoney.com/report/zw_industry.jshtml?encodeUrl=hHy8j6m5/Me6r52YBONYg+jFQeLEoIsAVcclngdtanw=
养老机器人研究：近万亿级机器人市场，生态搭建是关键,国金证券,2025-06-11 00:00:00.000,专用设备,https://data.eastmoney.com/report/zw_industry.jshtml?encodeUrl=hHy8j6m5/Me6r52YBONYg77nBPhavxutPCHxxr1xdfs=
放疗设备：打破海外垄断，国产创新开启肿瘤治疗新时代 头豹词条报告系列,头豹研究院,2025-06-10 00:00:00.000,专用设备,https://data.eastmoney.com/report/zw_industry.jshtml?encodeUrl=F3Zug+oPwEFuAVgy/g9Ugd9jIsl0Sw8Ntdaef0USRWc=
人形机器人行业观点更新：赛力斯在机器人赛道持续布局，看好赛力斯机器人产业链,上海证券,2025-06-10 00:00:00.000,专用设备,https://data.eastmoney.com/report/zw_industry.jshtml?encodeUrl=F3Zug+oPwEFuAVgy/g9UgbI1C4DLA99LR4dDCpCtddY=
人形机器人行业观点更新：特斯拉机器人带动行业变革，人形机器人迈向量产新时代,上海证券,2025-06-10 00:00:00.000,专用设备,https://data.eastmoney.com/report/zw_industry.jshtml?encodeUrl=F3Zug+oPwEFuAVgy/g9Ugfypsu2n+9o1rYirb3EfgRQ=
人形机器人行业动态研究：政策+1，关注智能养老服务机器人,华龙证券,2025-06-10 00:00:00.000,专用设备,https://data.eastmoney.com/report/zw_industry.jshtml?encodeUrl=F3Zug+oPwEFuAVgy/g9UgXmLBkZ/z8oKUgQuZPSbL/Q=
机械行业周报：陪伴机器人需求广阔，关注产业链投资机会,太平洋,2025-06-09 00:00:00.000,专用设备,https://data.eastmoney.com/report/zw_industry.jshtml?encodeUrl=ezbXk6xnu/vida2lPUEpFTiFt/XYdu13pqDn9+ZDwyw=
机械日报：机器人成功辅助脑血管造影术,太平洋,2025-06-09 00:00:00.000,专用设备,https://data.eastmoney.com/report/zw_industry.jshtml?encodeUrl=ezbXk6xnu/vida2lPUEpFdi+F/jgY+vSOM+i8CVtLtY=
人形机器人行业专题研究周报：人形机器人应用场景加速落地，高关注度赛事带动主机厂订单,华龙证券,2025-06-09 00:00:00.000,专用设备,https://data.eastmoney.com/report/zw_industry.jshtml?encodeUrl=ezbXk6xnu/vida2lPUEpFR69LBbPPmIhQX72oKqB6Uw=
机械日报：开普勒机器人再获新融资,太平洋,2025-06-06 00:00:00.000,专用设备,https://data.eastmoney.com/report/zw_industry.jshtml?encodeUrl=qX293q9C0Tz7A/hUB7QO+WEm8aO/lZ1NL8kHuPa5XPE=
专用设备行业点评报告：锂电设备公司充分计提减值，国内外扩产&固态电池产业化有望充分释放业绩,东吴证券,2025-06-06 00:00:00.000,专用设备,https://data.eastmoney.com/report/zw_industry.jshtml?encodeUrl=qX293q9C0Tz7A/hUB7QO+eZB00z8KQSlkOIyDyqb1hQ=
机械行业周报：消费级无人机预期向好，看好二季度工程机械行业,国元证券,2025-06-05 00:00:00.000,专用设备,https://data.eastmoney.com/report/zw_industry.jshtml?encodeUrl=5uKQ4/UvUDOeNxHGdDEcAvDbjCPkeEGU6Zrmvf3wuNU=
人形机器人行业周报（第十七期）：宇树拟发布新版本机器人，RoboX产业进展提速,国信证券,2025-06-05 00:00:00.000,专用设备,https://data.eastmoney.com/report/zw_industry.jshtml?encodeUrl=5uKQ4/UvUDOeNxHGdDEcAtDb7gTTv1uJV4jWpUQJV24=
2025人形机器人供应链洞察报告：新能源智能汽车（AIEV）产业赋能人形机器人发展,亿欧智库,2025-06-04 00:00:00.000,专用设备,https://data.eastmoney.com/report/zw_industry.jshtml?encodeUrl=I4Z3xodbWVSRiw5fN+uOX7JoXnlNuycxyPlv3bz7axo=
先进制造行业周报：从国际人形机器人技能大赛看具身智能商业化进程,中航证券,2025-06-03 00:00:00.000,专用设备,https://data.eastmoney.com/report/zw_industry.jshtml?encodeUrl=yTo7hqbgvw0cE/Ll7ItD/e31y2UD+x9+peQGLN6JfNc=
人形机器人深度研究系列八：谐波减速器：差齿传动，持续进化,东吴证券,2025-05-30 00:00:00.000,专用设备,https://data.eastmoney.com/report/zw_industry.jshtml?encodeUrl=JdYAnXpHww2nYkEowrV4gHWU40LkE+Anh5Kq5VivSBw=
传感器行业深度报告：触觉提升机器人现实感知能力，打通灵巧操作关键一环,东吴证券,2025-05-30 00:00:00.000,专用设备,https://data.eastmoney.com/report/zw_industry.jshtml?encodeUrl=JdYAnXpHww2nYkEowrV4gOQEp1jCjMYSWrb8q6j3Y5w=
机械日报：京东、上海具身智能基金参投智元机器人新一轮融资,太平洋,2025-05-29 00:00:00.000,专用设备,https://data.eastmoney.com/report/zw_industry.jshtml?encodeUrl=+9M1nKRrRS7h3aL1LXrUPL+w+RxIWZk4824Tq65//58=
机械行业周报：低空经济快速发展，工程机械景气度向好,国元证券,2025-05-28 00:00:00.000,专用设备,https://data.eastmoney.com/report/zw_industry.jshtml?encodeUrl=XRFjVrsZdBfhp4gYpi/p9Jnz7bzoFkvuGZQXCPLRmP0=
市场洞察：人形机器人加速拟人化，商业前景可期,头豹研究院,2025-05-28 00:00:00.000,专用设备,https://data.eastmoney.com/report/zw_industry.jshtml?encodeUrl=XRFjVrsZdBfhp4gYpi/p9I9/YDap0hBJBQ43m0Fo0r8=
人形机器人行业快评报告：人形机器人政策支持力度持续升级,万联证券,2025-05-28 00:00:00.000,专用设备,https://data.eastmoney.com/report/zw_industry.jshtml?encodeUrl=XRFjVrsZdBfhp4gYpi/p9FW87XkPGs9Z9/jHUxiUPhc=
机械行业周报：多领域企业进军人形机器人，有望带动优质制造业资产价值重估,太平洋,2025-05-26 00:00:00.000,专用设备,https://data.eastmoney.com/report/zw_industry.jshtml?encodeUrl=HDAhjhg6MYzq+f7ibdAcIHecVDN59MLZxDBPCG5//N8=
机械日报：第十五届中国国际机器人高峰论坛启幕,太平洋,2025-05-26 00:00:00.000,专用设备,https://data.eastmoney.com/report/zw_industry.jshtml?encodeUrl=HDAhjhg6MYzq+f7ibdAcIGhe7iUCYp1lsY6TFJ+uNKM=
人形机器人行业周报（第十六期）：征和工业拟牵手投资机构入股智元，特斯拉发布机器人做家务视频,国信证券,2025-05-26 00:00:00.000,专用设备,https://data.eastmoney.com/report/zw_industry.jshtml?encodeUrl=HDAhjhg6MYzq+f7ibdAcIBPZp01BriLYC7HVpAeJ1Eg=
装备制造行业周报（5月第4周）：固态电池产业持续推进,世纪证券,2025-05-26 00:00:00.000,专用设备,https://data.eastmoney.com/report/zw_industry.jshtml?encodeUrl=HDAhjhg6MYzq+f7ibdAcINCwLUh6b7KviWEvAL9PMXU=
外骨骼机器人：从医疗康复走向大众消费的新蓝海,深圳来觅数据信息科技,2025-05-23 00:00:00.000,专用设备,https://data.eastmoney.com/report/zw_industry.jshtml?encodeUrl=ASexYfgVNZTSbOcV71acdP8Q25jjJbpJaPqbj9HqjZY=
人形机器人产业周报：越疆牵手腾讯云，优必选与华为签署全面合作协议,国元证券,2025-05-20 00:00:00.000,专用设备,https://data.eastmoney.com/report/zw_industry.jshtml?encodeUrl=iLQ9iM+eFGK7g+p9BISzoXiYsvqNbCCgAUlnaXO+x2I=
2025年中国人形机器人腱绳材料品牌推荐,头豹研究院,2025-05-20 00:00:00.000,专用设备,https://data.eastmoney.com/report/zw_industry.jshtml?encodeUrl=iLQ9iM+eFGK7g+p9BISzoVjyUBDpVLgUNhV9QOOa4iw=
人形机器人行业深度报告：灵巧手技术路线逐步收敛，关注边际增量环节,华龙证券,2025-05-19 00:00:00.000,专用设备,https://data.eastmoney.com/report/zw_industry.jshtml?encodeUrl=Lqttxaolv/jR4Mu0VE82uFDHkPZZkeE4df3AxhKA8nQ=
装备制造行业周报（5月第3周）：商用人形机器人产业化加快,世纪证券,2025-05-19 00:00:00.000,专用设备,https://data.eastmoney.com/report/zw_industry.jshtml?encodeUrl=Lqttxaolv/jR4Mu0VE82uBmQYyQb6PrgIPg15qQTFYs=
外骨骼机器人行业研究：行业星辰大海，商业化进程加速,国金证券,2025-05-19 00:00:00.000,专用设备,https://data.eastmoney.com/report/zw_industry.jshtml?encodeUrl=Lqttxaolv/jR4Mu0VE82uBQ8lxJSAtKpomFShVrmZts=
人形机器人行业周报（第十五期）：中证科创创业机器人指数发布，众擎机器人到访信质集团,国信证券,2025-05-19 00:00:00.000,专用设备,https://data.eastmoney.com/report/zw_industry.jshtml?encodeUrl=Lqttxaolv/jR4Mu0VE82uAhaE9rjRMHJ5jXTRHSnB0o=
机械日报：智元机器人灵犀X2技能上新 拥有了“内心戏”,太平洋,2025-05-18 00:00:00.000,专用设备,https://data.eastmoney.com/report/zw_industry.jshtml?encodeUrl=1wXxe/9RI1vExdF1u0po9m2nLCk9cr5sXvu8yoOxe6g=
机械日报：越疆科技与腾讯云签署合作协议,太平洋,2025-05-14 00:00:00.000,专用设备,https://data.eastmoney.com/report/zw_industry.jshtml?encodeUrl=1NG9NZl1F70u5HYXuyZy9EyrbdrTFbXprs2XKtcu2vw=
机械行业5月投资策略：重点关注人形机器人和内需价值成长方向,国信证券,2025-05-14 00:00:00.000,专用设备,https://data.eastmoney.com/report/zw_industry.jshtml?encodeUrl=1NG9NZl1F70u5HYXuyZy9PYvdR7O0f8Z38vmZNnbx9c=
人形机器人行业观点更新：看好仿生机器人在新文旅消费应用场景落地,上海证券,2025-05-14 00:00:00.000,专用设备,https://data.eastmoney.com/report/zw_industry.jshtml?encodeUrl=1NG9NZl1F70u5HYXuyZy9LHt8XdIXMgVZmyzOHDFQvs=
2025~2035元趋势报告,Abundance360,2025-05-14 00:00:00.000,专用设备,https://data.eastmoney.com/report/zw_industry.jshtml?encodeUrl=1NG9NZl1F70u5HYXuyZy9GeHoUB5DpHhPqa+kD7RcvY=
机械行业周报：低空经济政策深化，看好工程机械后续发展,国元证券,2025-05-13 00:00:00.000,专用设备,https://data.eastmoney.com/report/zw_industry.jshtml?encodeUrl=aLzhFCI1EJO9AnwiZUuZSyzxF4suN+Q1GoJVyJ6Bf0o=
人形机器人产业周报：北京开源社区上线，机器人运动会拟于8月举行,国元证券,2025-05-13 00:00:00.000,专用设备,https://data.eastmoney.com/report/zw_industry.jshtml?encodeUrl=aLzhFCI1EJO9AnwiZUuZS4NqLbyZ90dNf4C+9TeaPGQ=
人形机器人行业动态点评：2025年有望成为人形机器人量产元年，积极关注相关投资机会,山西证券,2025-05-12 00:00:00.000,专用设备,https://data.eastmoney.com/report/zw_industry.jshtml?encodeUrl=i27QAj+XaAmCe1/E4tMYoy5vS4hg/yK1d47HqWIBPVY=
人形机器人行业周报（第十四期）：宁波华翔战略合作智元，中鼎入局六维力传感器,国信证券,2025-05-12 00:00:00.000,专用设备,https://data.eastmoney.com/report/zw_industry.jshtml?encodeUrl=i27QAj+XaAmCe1/E4tMYo93ldRpYIpNNWPftimVhaAU=
智造革新·应用无界：工业机器人开启智能制造新时代！,深圳汉鼎智库咨询服务,2025-05-12 00:00:00.000,专用设备,https://data.eastmoney.com/report/zw_industry.jshtml?encodeUrl=i27QAj+XaAmCe1/E4tMYowWU7lcFr5rq+SsMmuwb0M0=
装备制造行业周报（5月第2周）：工程机械景气持续，展现业绩弹性,世纪证券,2025-05-12 00:00:00.000,专用设备,https://data.eastmoney.com/report/zw_industry.jshtml?encodeUrl=i27QAj+XaAmCe1/E4tMYo3cx+saNQaOhtdmmjhtHOEA=
人形机器人月报：具身智能进入深耕期，产品更需打磨内功,中航证券,2025-05-12 00:00:00.000,专用设备,https://data.eastmoney.com/report/zw_industry.jshtml?encodeUrl=i27QAj+XaAmCe1/E4tMYo3tPo6GQaUO0p8hKoHmy5bU=
船舶行业2024年报及2025年一季报总结与展望：风口浪尖处，乘风破浪时,诚通证券,2025-05-09 00:00:00.000,专用设备,https://data.eastmoney.com/report/zw_industry.jshtml?encodeUrl=eauVOZRgbN8LwwTqrtaVjeoQ/3kizz3JsLAzKKgYFK0=
机械设备行业行业周报：高端制造产业跟踪（4月）：工控需求回暖，工程机械盈利改善,五矿证券,2025-05-09 00:00:00.000,专用设备,https://data.eastmoney.com/report/zw_industry.jshtml?encodeUrl=eauVOZRgbN8LwwTqrtaVjbyykBKG81paNzLVuFNmUS4=
人形机器人产业周报：奇瑞墨甲批量交付，外骨骼机器人表现亮眼,国元证券,2025-05-09 00:00:00.000,专用设备,https://data.eastmoney.com/report/zw_industry.jshtml?encodeUrl=eauVOZRgbN8LwwTqrtaVjVO8HoNw4MCnurVqDpP3r5U=
2025年中国人形机器人厂商全景报告：2025量产元年，厂商竞相绽放,头豹研究院,2025-05-08 00:00:00.000,专用设备,https://data.eastmoney.com/report/zw_industry.jshtml?encodeUrl=xVw2brufnGKQXh4dfdxGc+AekC1Wz/9nLKeJmCvb+8E=
人形机器人行业周报（第十三期）：奇瑞墨甲机器人全球批量交付，关注奇瑞机器人产业链,国信证券,2025-05-07 00:00:00.000,专用设备,https://data.eastmoney.com/report/zw_industry.jshtml?encodeUrl=nET0e/tFYNTmg7AFTkcwzXgu19/8Ky2IAHplSEiGPRk=
机械设备行业周报：关注业绩改善公司和人形机器人投资机会,信达证券,2025-05-06 00:00:00.000,专用设备,https://data.eastmoney.com/report/zw_industry.jshtml?encodeUrl=kUCigNasjhSDsjMcoKwQ7yFNZqc9N0C78rzOnOwODn8=
企业竞争图谱：2025年叠栅设备与材料 头豹词条报告系列,头豹研究院,2025-05-06 00:00:00.000,专用设备,https://data.eastmoney.com/report/zw_industry.jshtml?encodeUrl=kUCigNasjhSDsjMcoKwQ7+yYC+sjDql9ggLPgSpsXlc=
人形机器人材料需求系列报告之三：磁组件：材料设计进入新时代,民生证券,2025-05-06 00:00:00.000,专用设备,https://data.eastmoney.com/report/zw_industry.jshtml?encodeUrl=ovKCkSLIbawSzmnHa4mnCVy2dKi7IRxyHGdqqBXkgNQ=
装备制造行业周报（4月第4周）：逆变器3月出口保持增长,世纪证券,2025-04-28 00:00:00.000,专用设备,https://data.eastmoney.com/report/zw_industry.jshtml?encodeUrl=NimKhZl8Umo4lHwIktHNEgnYm800jkc0ctBVH3UzjgA=
具身智能行业研究：苹果加速机器人与AI开发进程，上海车展催化智驾板块,国金证券,2025-04-28 00:00:00.000,专用设备,https://data.eastmoney.com/report/zw_industry.jshtml?encodeUrl=NimKhZl8Umo4lHwIktHNEjERw+x9+1KI0de0DqF2k1U=
机器人专题报告：新材料推动具身智能突破能力边界,中航证券,2025-04-28 00:00:00.000,专用设备,https://data.eastmoney.com/report/zw_industry.jshtml?encodeUrl=Fiyg8mcIT7v1YdyFwS0Q2o+vG6lgehQGn/O07OVR9es=
机械行业研究：看好自主可控、机器人和农业机械,国金证券,2025-04-27 00:00:00.000,专用设备,https://data.eastmoney.com/report/zw_industry.jshtml?encodeUrl=Fiyg8mcIT7v1YdyFwS0Q2sufdbbx/D41U/uVLrRnOvw=
人形机器人深度之七：灵巧之“手”，解锁人形机器人黄金赛道,东吴证券,2025-04-27 00:00:00.000,专用设备,https://data.eastmoney.com/report/zw_industry.jshtml?encodeUrl=twuJuq70fEJHiqOEjmjIFF2/01pCpVK69yhWKX9FXg4=
机械日报：台积电宣布A14制程2028年量产,太平洋,2025-04-25 00:00:00.000,专用设备,https://data.eastmoney.com/report/zw_industry.jshtml?encodeUrl=GRCHh/SkexyE2nyi7cRFeTSYjptDguUFq3o1CVVQpKo=
机械日报：国家能源局发布一季度全国电力工业统计数据,太平洋,2025-04-25 00:00:00.000,专用设备,https://data.eastmoney.com/report/zw_industry.jshtml?encodeUrl=GRCHh/SkexyE2nyi7cRFeeuu3g4FnsApck1Pk5JQxXA=
机械日报：CIMT2025在京盛大开幕,太平洋,2025-04-24 00:00:00.000,专用设备,https://data.eastmoney.com/report/zw_industry.jshtml?encodeUrl=rg0FGrqEwi5GZzLFcfia4goFPp4NDC7slYHzNWi4mjY=
人形机器人产业周报：天工半马夺魁，关注散热、运控等领域,国元证券,2025-04-22 00:00:00.000,专用设备,https://data.eastmoney.com/report/zw_industry.jshtml?encodeUrl=2VmouAaBmvFOl4MdaagGRoEKiWI4JKPnZ/6OA+HmObg=
机械设备行业点评报告：人形机器人首场马拉松收官，各家运动能力表现如何？,东吴证券,2025-04-21 00:00:00.000,专用设备,https://data.eastmoney.com/report/zw_industry.jshtml?encodeUrl=MEIxkHmqhQraftJAs6Qk1R5clHnoTg27lnMtxQM73VE=
机械行业周报：北京人形机器人马拉松开赛，有望加速产业技术迭代升级,太平洋,2025-04-21 00:00:00.000,专用设备,https://data.eastmoney.com/report/zw_industry.jshtml?encodeUrl=MEIxkHmqhQraftJAs6Qk1ZBP5UVRRHG53u2nmBKWPhY=
人形机器人行业日度跟踪：机器人半马参赛名单公布，人大代表调研优必选,国金证券,2025-04-20 00:00:00.000,专用设备,https://data.eastmoney.com/report/zw_industry.jshtml?encodeUrl=iP1j8jqahcGi3bTONPBi43zFQBrLF4OAYi/fqSbHo6s=
具身智能行业研究：特斯拉第三代机器人概念图亮相，地平线高阶智驾产品发布,国金证券,2025-04-20 00:00:00.000,专用设备,https://data.eastmoney.com/report/zw_industry.jshtml?encodeUrl=Q1U3qcnwzEsxcCiUjgsP6+urqMcVncTEiLLS43Bd/TY=
机械日报：慕尼黑上海电子展盛大启幕,太平洋,2025-04-20 00:00:00.000,专用设备,https://data.eastmoney.com/report/zw_industry.jshtml?encodeUrl=Q1U3qcnwzEsxcCiUjgsP6/pTdSO++Z0Z5qpgMD8WpoM=
机械日报：2025年1-2月机床工具行业经济运行简讯发布,太平洋,2025-04-17 00:00:00.000,专用设备,https://data.eastmoney.com/report/zw_industry.jshtml?encodeUrl=OJaBHvJZR87tsjueu6yc83ZANkxX+ET28yujYuAMTx0=
智能驾驶和人形机器人培训专题,国金证券,2025-04-15 00:00:00.000,专用设备,https://data.eastmoney.com/report/zw_industry.jshtml?encodeUrl=rbyFIo9dmlJrH7JKw/gMsykxtWJifvNYjHdvOs7id/E=
人形机器人行业日度跟踪：韩国“K-人形机器人联盟”成立，因克斯推出灵巧手EC-DexHand-5F,国金证券,2025-04-15 00:00:00.000,专用设备,https://data.eastmoney.com/report/zw_industry.jshtml?encodeUrl=rbyFIo9dmlJrH7JKw/gMs40idxhIMOzElv00tH07vxk=
具身智能行业研究：波士顿动力或签数万台人形机器人订单，地平线与大众深化合作,国金证券,2025-04-14 00:00:00.000,专用设备,https://data.eastmoney.com/report/zw_industry.jshtml?encodeUrl=n5bXox9rN2e7v1oRd/W9JxDvvuiOono3BNtGtbObak4=
机械日报：CITE2025盛大开幕,太平洋,2025-04-13 00:00:00.000,专用设备,https://data.eastmoney.com/report/zw_industry.jshtml?encodeUrl=KPNgOoZV4VxCUW6HTrQdg7naziass4xobvk0RKetJEE=
人形机器人产业周报：人形机器人首批国家标准立项，多公司开展股份回购,国元证券,2025-04-13 00:00:00.000,专用设备,https://data.eastmoney.com/report/zw_industry.jshtml?encodeUrl=83KluUGijrfKZViflD1rG02+3F3y3dCUjQT2yRKqI6A=
人形机器人行业日度跟踪：GGII预测35年全球人形销量超500万台，广汽机器人27年大规模量产,国金证券,2025-04-11 00:00:00.000,专用设备,https://data.eastmoney.com/report/zw_industry.jshtml?encodeUrl=Mzk3AYkEKXk7IIc6GYGe3tfS09zKkpcQTPua+E2r9/U=
企业竞争图谱：2025年振动试验设备市场 头豹词条报告系列,头豹研究院,2025-04-10 00:00:00.000,专用设备,https://data.eastmoney.com/report/zw_industry.jshtml?encodeUrl=Jk/IrPYH11KYA7lllYkvKsfQNelWGXh3Sins2Y6J9kU=
人形机器人材料需求系列报告之二：3D打印赋能人形机器人升级迭代,民生证券,2025-04-10 00:00:00.000,专用设备,https://data.eastmoney.com/report/zw_industry.jshtml?encodeUrl=Jk/IrPYH11KYA7lllYkvKsduNWGp2XIaYfT58X9AaAU=
人形机器人行业日度跟踪：智元稚晖君在总理座谈会发言，长城汽车与宇树科技展开合作,国金证券,2025-04-10 00:00:00.000,专用设备,https://data.eastmoney.com/report/zw_industry.jshtml?encodeUrl=Jk/IrPYH11KYA7lllYkvKvHrB+bkbX8Wj+Vc8kFc89c=
清新牙膏：口腔健康的守护者，清新与护理的双重呵护 头豹词条报告系列,头豹研究院,2025-04-09 00:00:00.000,专用设备,https://data.eastmoney.com/report/zw_industry.jshtml?encodeUrl=Dh0y5utvgvmq6HWr3sk+cmMg73OgzNa4GwQ3zcYK6Kc=
人形机器人行业日度跟踪：灵心巧手获超亿元种子轮融资，多家公司计划回购股份,国金证券,2025-04-09 00:00:00.000,专用设备,https://data.eastmoney.com/report/zw_industry.jshtml?encodeUrl=Dh0y5utvgvmq6HWr3sk+cniXr9NZmSIx0/ebzO40iTI=
人形机器人行业日度跟踪：波士顿动力或签最大人形机器人订单，蓝芯科技完成数亿元融资,国金证券,2025-04-09 00:00:00.000,专用设备,https://data.eastmoney.com/report/zw_industry.jshtml?encodeUrl=Dh0y5utvgvmq6HWr3sk+ct1/3J4iY6aDDTtTajqw8ns=
机械行业周报：低空经济正当时，深海科技迎催化,国元证券,2025-04-08 00:00:00.000,专用设备,https://data.eastmoney.com/report/zw_industry.jshtml?encodeUrl=jvmUn4uttwXUE6ZTPdHLuPB/+llKGshnatXOnnXyowk=
装备制造行业周报（4月第1周）：部分行业受美关税政策影响较明显,世纪证券,2025-04-07 00:00:00.000,专用设备,https://data.eastmoney.com/report/zw_industry.jshtml?encodeUrl=/FfpKEXt7/AKfFT/APIokCpF87ja07zATucFBFT+NWE=
人形机器人行业周报（第九期）：特斯拉更新机器人行走视频，宇树发布全新灵巧手方案,国信证券,2025-04-07 00:00:00.000,专用设备,https://data.eastmoney.com/report/zw_industry.jshtml?encodeUrl=/FfpKEXt7/AKfFT/APIokA+yQH6whug3IrYW1T2cIhw=
机器人行业研究：灵巧手研究系列（二）：丝杠配套量有望持续提升，机器人带来海量增长空间,国金证券,2025-04-06 00:00:00.000,专用设备,https://data.eastmoney.com/report/zw_industry.jshtml?encodeUrl=g0dZvvWgXQ8mW9EVqG8/GEM6cwU6LWLof+W1q0DPG6w=
人形机器人行业日度跟踪：特斯拉公布Optimus 3行走视频，谷歌专家加盟智元,国金证券,2025-04-03 00:00:00.000,专用设备,https://data.eastmoney.com/report/zw_industry.jshtml?encodeUrl=emSFIp1HB04/4TKE/k8SfB2/hoUK4kOFTL1GxPIHjMo=
机械日报：特斯拉发布最新演示视频，机器人再次更新,太平洋,2025-04-03 00:00:00.000,专用设备,https://data.eastmoney.com/report/zw_industry.jshtml?encodeUrl=emSFIp1HB04/4TKE/k8SfIZVOqp/3L9o7FzqMBBaPtg=
人形机器人系列（1）：产业跃迁：政策驱动、技术拐点与场景革命的三重共振,交银国际证券,2025-04-03 00:00:00.000,专用设备,https://data.eastmoney.com/report/zw_industry.jshtml?encodeUrl=emSFIp1HB04/4TKE/k8SfMjmkNaLiLtxv54VArpWMtk=
机械日报：普渡机器人发布全球首款商类人形具身智能服务机器人,太平洋,2025-04-02 00:00:00.000,专用设备,https://data.eastmoney.com/report/zw_industry.jshtml?encodeUrl=9GgV0BHE7V/VB1r8O/Pmykt0FzjE9bSFfg4cr7/WYds=
人形机器人行业日度跟踪：广东筹建机器人产业高地，宇树发布Unitree Dex5灵巧手,国金证券,2025-04-02 00:00:00.000,专用设备,https://data.eastmoney.com/report/zw_industry.jshtml?encodeUrl=9GgV0BHE7V/VB1r8O/Pmyhd2dhr/6caOUjfNpHdTszg=
机械行业周报：低空经济政策力度加大，工程机械进出口表现亮眼,国元证券,2025-04-02 00:00:00.000,专用设备,https://data.eastmoney.com/report/zw_industry.jshtml?encodeUrl=9GgV0BHE7V/VB1r8O/PmyqNcv7vAtZ171YyGqbH05u0=
人形机器人产业周报：它石智航完成天使轮融资，宇树更新进展,国元证券,2025-04-02 00:00:00.000,专用设备,https://data.eastmoney.com/report/zw_industry.jshtml?encodeUrl=9GgV0BHE7V/VB1r8O/PmymGs3fx7DXnKl4GME2Y3ofc=
企业竞争图谱：2025年紫外激光器 头豹词条报告系列,头豹研究院,2025-03-31 00:00:00.000,专用设备,https://data.eastmoney.com/report/zw_industry.jshtml?encodeUrl=82zRwMmRKPoVFTrNGXkhZ1VYUl8J230kyLSDg8RIIdc=
人形机器人行业日度跟踪：中国智能机器人产业发展大会召开，镜识科技推出“黑豹II”,国金证券,2025-03-31 00:00:00.000,专用设备,https://data.eastmoney.com/report/zw_industry.jshtml?encodeUrl=82zRwMmRKPoVFTrNGXkhZxaP3vHEJ6aA3Z8Bs6SJ6oE=
机械行业周报：SEMICON China 2025召开，国产半导体设备企业技术迈入新阶段,太平洋,2025-03-31 00:00:00.000,专用设备,https://data.eastmoney.com/report/zw_industry.jshtml?encodeUrl=82zRwMmRKPoVFTrNGXkhZz8kl1aVficXwhy+oi6XAvs=
机器人行业快评报告：vivo正式进军机器人行业，聚焦家庭与个人场景,万联证券,2025-03-31 00:00:00.000,专用设备,https://data.eastmoney.com/report/zw_industry.jshtml?encodeUrl=82zRwMmRKPoVFTrNGXkhZ2zKOIPRmtGw2jcznk2GWF4=
人形机器人行业周报（第八期）：智元机器人召开供应商大会，美国或将机器人发展纳入国家战略,国信证券,2025-03-31 00:00:00.000,专用设备,https://data.eastmoney.com/report/zw_industry.jshtml?encodeUrl=82zRwMmRKPoVFTrNGXkhZ2u3hUk53x7L/TYf+yDLg8w=
先进制造行业周报：人形机器人批量进入汽车工厂，持续关注产业链进展,中航证券,2025-03-31 00:00:00.000,专用设备,https://data.eastmoney.com/report/zw_industry.jshtml?encodeUrl=82zRwMmRKPoVFTrNGXkhZ9E93eHY2OSTtVQC3Qew2Uo=
人形机器人行业日度跟踪：速腾聚创发布视觉全新品类，北特科技投建泰国基地,国金证券,2025-03-30 00:00:00.000,专用设备,https://data.eastmoney.com/report/zw_industry.jshtml?encodeUrl=r5wMIqn9SlARUvMlaIClXWR6m/+IsmWay7weRNVfPT4=
人形机器人行业日度跟踪：优必选全球首次批量进车厂，美国或推机器人国家战略,国金证券,2025-03-28 00:00:00.000,专用设备,https://data.eastmoney.com/report/zw_industry.jshtml?encodeUrl=ZEwdJA3AOkcfB/o7GmzemuW0UkepTRI6QbzMKGb674o=
人行机器人行业日度跟踪：智元举办首届供应商大会，乐聚订单爆满,国金证券,2025-03-28 00:00:00.000,专用设备,https://data.eastmoney.com/report/zw_industry.jshtml?encodeUrl=ZEwdJA3AOkcfB/o7Gmzemj+rAOgKNYkiMpSrplIOsp0=
2024年中国半导体激光加工设备行业概览：智能制造新时代，半导体激光加工设备如何助推产业升级？（精简版）,头豹研究院,2025-03-27 00:00:00.000,专用设备,https://data.eastmoney.com/report/zw_industry.jshtml?encodeUrl=ftcyFwqdlYvBqKxc3ZrBWqx4OasGNm0N0bbL/LjU4q0=
人形机器人行业日度跟踪：Figure公开机器人训练方法，vivo入局具身智能,国金证券,2025-03-26 00:00:00.000,专用设备,https://data.eastmoney.com/report/zw_industry.jshtml?encodeUrl=caX4KoQWOHU5s8O0t4xl9sjGxYCvtMQvXhad7bzDqz0=
先进制造行业周报：人形机器人量产加速，持续关注产业链进展,中航证券,2025-03-26 00:00:00.000,专用设备,https://data.eastmoney.com/report/zw_industry.jshtml?encodeUrl=caX4KoQWOHU5s8O0t4xl9tlKZ/lgz8qxcTRVw3zFLZI=
人形机器人产业周报：越疆Dobot Atom售价19.9万元起，家电龙头美的入局,国元证券,2025-03-24 00:00:00.000,专用设备,https://data.eastmoney.com/report/zw_industry.jshtml?encodeUrl=w9855vfpkQp4MyktZVpwvNYwoMfutUHe0DF0wH1i6SU=
机械：机器人大模型快速迭代，人形机器人量产加速,太平洋,2025-03-24 00:00:00.000,专用设备,https://data.eastmoney.com/report/zw_industry.jshtml?encodeUrl=w9855vfpkQp4MyktZVpwvBGsEPWXm2i5yoTrG0Xh3lo=
人形机器人行业周报（第七期）：特斯拉机器人将进入试生产，广东组建百亿基金助力机器人产业,国信证券,2025-03-23 00:00:00.000,专用设备,https://data.eastmoney.com/report/zw_industry.jshtml?encodeUrl=4o96xi+P6mrL36j+76satxMwdbgMi66wcInFAjDpzvs=
机械设备：看好T链确定性，关注核心环节和新进入者,信达证券,2025-03-23 00:00:00.000,专用设备,https://data.eastmoney.com/report/zw_industry.jshtml?encodeUrl=LSyWPHve5xcsO7z0ANSF0nw7o0Qkj8sIkuLaeTSGs8Y=
人形机器人行业报告（六）：机器人量产时刻，互动感知能力有望成为迭代重点,信达证券,2025-03-21 00:00:00.000,专用设备,https://data.eastmoney.com/report/zw_industry.jshtml?encodeUrl=wyVGx1v/CxnpRGJ4PfNcXu2OXFd8rxX2ZkoH4JIUL1s=
人形机器人的“灵巧手”：赛博工匠之手，如何重塑未来世界？,深圳汉鼎智库咨询服务,2025-03-21 00:00:00.000,专用设备,https://data.eastmoney.com/report/zw_industry.jshtml?encodeUrl=HT1y3FkeSv4mIIjRV8sHWUC93lCQVjgfSpDfC5q55dE=
市场简报：人形机器人转手绢、后空翻，产业链哪些企业值得关注？,头豹研究院,2025-03-20 00:00:00.000,专用设备,https://data.eastmoney.com/report/zw_industry.jshtml?encodeUrl=HT1y3FkeSv4mIIjRV8sHWZ3pfiiKyy501kOwIRMbQUg=
从科幻到现实：如何参与这场潜在的革命：人形机器人日益增多。,罗兰贝格,2025-03-20 00:00:00.000,专用设备,https://data.eastmoney.com/report/zw_industry.jshtml?encodeUrl=HT1y3FkeSv4mIIjRV8sHWVLSf55q6t8iWZuYHWENEgs=
25年前瞻专题之消费级机器人：扫地机器人新品趋势研判,华安证券,2025-03-19 00:00:00.000,专用设备,https://data.eastmoney.com/report/zw_industry.jshtml?encodeUrl=YOdqHC5L+DEfQtlpeouPBW04+bquWlZiVr4iIK4giGs=
人形机器人产业周报：越疆发布全球首款“灵巧操作+直膝行走”具身智能，雷赛智能DexHand问世,国元证券,2025-03-18 00:00:00.000,专用设备,https://data.eastmoney.com/report/zw_industry.jshtml?encodeUrl=rW7Yu97K8Y61rDLmXRFaA9EHvQeYPKrNvfxFO9IeVHw=
智能制造周报：人形机器人回调现布局良机，机械设备回暖共筑新增长极,爱建证券,2025-03-17 00:00:00.000,专用设备,https://data.eastmoney.com/report/zw_industry.jshtml?encodeUrl=2FV6YWxVvwSERBeA1NZg4YJuLwd2qO+mZNvHRrCKOzU=
机械行业周报：人形机器人催化不断，重视产业链投资机会,太平洋,2025-03-17 00:00:00.000,专用设备,https://data.eastmoney.com/report/zw_industry.jshtml?encodeUrl=2FV6YWxVvwSERBeA1NZg4WJ4wKRNHDT3acHAcBaYB68=
运动控制行业研究：人形机器人“小脑”有望成为主赛道,国金证券,2025-03-16 00:00:00.000,专用设备,https://data.eastmoney.com/report/zw_industry.jshtml?encodeUrl=TxhbAKGUqfND9+K1iLx0UfxoGQcPfZSiErYIkXGlYUk=
人形机器人行业周报（第六期）：特斯拉Optimus有望明年登陆火星，赛力斯发布机器人工作视频,国信证券,2025-03-16 00:00:00.000,专用设备,https://data.eastmoney.com/report/zw_industry.jshtml?encodeUrl=ohpblsnPkpi9igb97uI5LEIZI16W5QJlnSetsmWrSIE=
企业竞争图谱：2025年CMP设备 头豹词条报告系列,头豹研究院,2025-03-11 00:00:00.000,专用设备,https://data.eastmoney.com/report/zw_industry.jshtml?encodeUrl=5AlQiCut6MZqxSlO43jJCm8gxQakWlZIHtBPkpn4GBU=
机械行业周报：工程机械边际回暖，两会强调低空及高端制造,国元证券,2025-03-11 00:00:00.000,专用设备,https://data.eastmoney.com/report/zw_industry.jshtml?encodeUrl=5AlQiCut6MZqxSlO43jJCsC/x+1UkAAtr1xZt5PLTSs=
人形机器人产业周报：具身智能首次纳入未来产业，政策加码打造领先集群,国元证券,2025-03-11 00:00:00.000,专用设备,https://data.eastmoney.com/report/zw_industry.jshtml?encodeUrl=5AlQiCut6MZqxSlO43jJCnsFaz4i2NeRtubERNJt6g0=
灵巧手行业深度报告：东风已至，星辰大海,民生证券,2025-03-09 00:00:00.000,专用设备,https://data.eastmoney.com/report/zw_industry.jshtml?encodeUrl=5H1Bslm0VvzGWn+BJanj2Y09vovBLWIN1KYFTPvwbm8=
制造成长周报（第4期）：政府工作报告提及机器人和低空经济；优必选展示机器人协同实训,国信证券,2025-03-09 00:00:00.000,专用设备,https://data.eastmoney.com/report/zw_industry.jshtml?encodeUrl=5H1Bslm0VvzGWn+BJanj2XPrLyTTRCIpTqLpMMPn8GY=
高端制造产业跟踪（2月）：AI应用贯穿全年，传统行业+AI的价值或被低估,五矿证券,2025-03-09 00:00:00.000,专用设备,https://data.eastmoney.com/report/zw_industry.jshtml?encodeUrl=qzVX3kuHxHKVVQ4yS0tIZ5WCzMQJ57jjezogDYqqyDU=
人形机器人行业快评报告：政策密集加码，人形机器人产业集群化布局加速,万联证券,2025-03-05 00:00:00.000,专用设备,https://data.eastmoney.com/report/zw_industry.jshtml?encodeUrl=cJM02qr60+nNP6JKWgqwzBb4JhvmzeUAG0F8qggUSYE=
人形机器人产业周报：产品迭代叠加政策催化，具身智能加速孕育,国元证券,2025-03-04 00:00:00.000,专用设备,https://data.eastmoney.com/report/zw_industry.jshtml?encodeUrl=hWSJ0Vep/zs8b/qXhZX6Rls0cu1+NtUcnKUKlLtaoAg=
人形机器人行业周报（第四期）：北京亦庄发布万台机器人应用计划，板块回调静待新催化,国信证券,2025-03-02 00:00:00.000,专用设备,https://data.eastmoney.com/report/zw_industry.jshtml?encodeUrl=Al9DjKWXoBRKP6pRg9OHzcYjlkBIRhVL5Tw7eGyy66M=
人形机器人产业链事件点评：Figure机器人进场打工展示物流分拣技术，宇树机器人“大秀”中国功夫,上海证券,2025-02-28 00:00:00.000,专用设备,https://data.eastmoney.com/report/zw_industry.jshtml?encodeUrl=K+0IubMWZ5a2RwoFm3KG0V8s8mXVU/0Bk6Gu8xfeKGY=
教育机器人：智慧教育的引领者，寓教于乐的新篇章 头豹词条报告系列,头豹研究院,2025-02-27 00:00:00.000,专用设备,https://data.eastmoney.com/report/zw_industry.jshtml?encodeUrl=wKL+1/b/gW6vOGK7Rdm+ie+1XDl0Ssua4KCTP1E/qmw=
人形机器人行业专题研究周报：Figure推出Helix，1X发布NEO Gamma人形机器人,华龙证券,2025-02-26 00:00:00.000,专用设备,https://data.eastmoney.com/report/zw_industry.jshtml?encodeUrl=FHY8nGU6f2N/ri3T6YGWEKTiDeVSdExQP7v0BDnalS0=
机械行业：深圳将发布专项政策，人形机器人有望充分受益,东兴证券,2025-02-24 00:00:00.000,专用设备,https://data.eastmoney.com/report/zw_industry.jshtml?encodeUrl=p+RkahopWoAMlp0CMR1aKjAV9paPflo1L2qtqZtiH5g=
人形机器人行业周报（第三期）：Figure AI机器人多模态能力升级，中鼎战略合作众擎机器人,国信证券,2025-02-24 00:00:00.000,专用设备,https://data.eastmoney.com/report/zw_industry.jshtml?encodeUrl=p+RkahopWoAMlp0CMR1aKkN81gGRGM2M4PaRKH5LS3M=
机械设备行业周报：人形机器人催化不断，产业发展加速,信达证券,2025-02-24 00:00:00.000,专用设备,https://data.eastmoney.com/report/zw_industry.jshtml?encodeUrl=p+RkahopWoAMlp0CMR1aKr6XS+O2SDmCcnVU+HClTu0=
家庭智能机器人：智慧生活的守护者，便捷与温馨的家庭新成员 头豹词条报告系列,头豹研究院,2025-02-24 00:00:00.000,专用设备,https://data.eastmoney.com/report/zw_industry.jshtml?encodeUrl=p+RkahopWoAMlp0CMR1aKnNX9JKzBA/UDDw6BFtloqw=
先进制造行业周报：人形机器人：利好不断，产业蓬勃,中航证券,2025-02-24 00:00:00.000,专用设备,https://data.eastmoney.com/report/zw_industry.jshtml?encodeUrl=p+RkahopWoAMlp0CMR1aKgh6UG5OoaOL9fUf8hBixh4=
机器人行业周报：Figure发布具身智能模型Helix，助力机器人家用场景落地,西南证券,2025-02-23 00:00:00.000,专用设备,https://data.eastmoney.com/report/zw_industry.jshtml?encodeUrl=zkMz+rYU//w/+8SVSZ+24PFuNQevPpk1R2XEsqzapb4=
2024年中国便携打印机行业概览：便携打印，高效随行,头豹研究院,2025-02-21 00:00:00.000,专用设备,https://data.eastmoney.com/report/zw_industry.jshtml?encodeUrl=JPUrw04F392ZQQvQU0vx/pDeGEROu2FNwrjsOxkEPao=
相机镜头：捕捉瞬间的魔法，画质与创意的双重提升 头豹词条报告系列,头豹研究院,2025-02-21 00:00:00.000,专用设备,https://data.eastmoney.com/report/zw_industry.jshtml?encodeUrl=JPUrw04F392ZQQvQU0vx/oKuaVmSjrLsSq2WR+QJRTg=
广东省制造业数字化转型典型案例集（第二批）,广东省工信厅,2025-02-21 00:00:00.000,专用设备,https://data.eastmoney.com/report/zw_industry.jshtml?encodeUrl=JPUrw04F392ZQQvQU0vx/lUsXJRfShtVrvJaXZqgWQA=
人形机器人行业专题：人形机器人产业梳理之二：爆发元年，空间无限,国信证券,2025-02-21 00:00:00.000,专用设备,https://data.eastmoney.com/report/zw_industry.jshtml?encodeUrl=JPUrw04F392ZQQvQU0vx/jdQr9m4XeoV2CVkxrzp5pw=
农业机器人现状与展望,中国工程院,2025-02-19 00:00:00.000,专用设备,https://data.eastmoney.com/report/zw_industry.jshtml?encodeUrl=rnJxPS60tvPVhLK69agT46GGSDfQCWa7NuZk0UsmPuM=
人形机器人行业简析报告,上海嘉世营销咨询,2025-02-18 00:00:00.000,专用设备,https://data.eastmoney.com/report/zw_industry.jshtml?encodeUrl=0O8gD+U0owEJaIK7kdBwCMhapNaacxvguh+N5ontT/M=
先进制造行业周报：宇树机器人消费级应用可期，软件突破加快具身智能落地,中航证券,2025-02-17 00:00:00.000,专用设备,https://data.eastmoney.com/report/zw_industry.jshtml?encodeUrl=0jMN+Rpdn3wnTvs3KYW7o3oznASBg2iQR3XS1E5alSg=
机器人行业研究：生态形成良性循环，机器人iphone时代来临,国金证券,2025-02-14 00:00:00.000,专用设备,https://data.eastmoney.com/report/zw_industry.jshtml?encodeUrl=XvbUr46wqIDbRGYKlQgKGQzfshIPWtIZlzhJ+yc2ZxA=
人形机器人行业快评报告：广东省出台《行动计划》，加快布局人形机器人领域,万联证券,2025-02-14 00:00:00.000,专用设备,https://data.eastmoney.com/report/zw_industry.jshtml?encodeUrl=XvbUr46wqIDbRGYKlQgKGaen9W7QyxKNRNT6k48g0oM=
人形机器人行业周报（第一期）：Figure终止合作OpenAI，特斯拉招聘机器人量产工程师,国信证券,2025-02-11 00:00:00.000,专用设备,https://data.eastmoney.com/report/zw_industry.jshtml?encodeUrl=8Rb0d1P2lobOIVhR/EzZlK4xCX0c5U5F15lg+6UXm5c=
机械一周解一惑系列：机器人x具身智能的再思考,民生证券,2025-02-10 00:00:00.000,专用设备,https://data.eastmoney.com/report/zw_industry.jshtml?encodeUrl=hPX81JV2fupOINr4Xz/CW4/cgU+zhx/Oz81SwuG7K2k=
具身智能行业研究：机器人Iphone时代来临，智能驾驶军备竞赛即将开启,国金证券,2025-02-09 00:00:00.000,专用设备,https://data.eastmoney.com/report/zw_industry.jshtml?encodeUrl=kra0pUcENtfkeTVyUe/ZFBNfvvdLzosUyfF1F7H0KWc=
机器人2024年四季度投融市场报告,深圳来觅数据信息科技,2025-02-07 00:00:00.000,专用设备,https://data.eastmoney.com/report/zw_industry.jshtml?encodeUrl=7xaSOO9WiHTAzMIDNJ+E65u3zELF5a4Cb/96iVlMaDw=
智能特种机器人：增强现实与远程操控，开启特种作业的新时代篇章 头豹词条报告系列,头豹研究院,2025-02-06 00:00:00.000,专用设备,https://data.eastmoney.com/report/zw_industry.jshtml?encodeUrl=hrW9CKuAnZxDP9o6nQzbfs3cGohUICRQ2uB1lnpsQQs=
人形机器人深度之五：国内机器人行业深度：量产元年，百家争鸣,东吴证券,2025-02-05 00:00:00.000,专用设备,https://data.eastmoney.com/report/zw_industry.jshtml?encodeUrl=0HeygMwaAigL8hwfyZADc9PS4jbmzN6rdW4+FaMQCOk=
人形机器人深度报告之六：从电动车复盘看机器人行情演绎：奇点已至，万亿空间,东吴证券,2025-02-05 00:00:00.000,专用设备,https://data.eastmoney.com/report/zw_industry.jshtml?encodeUrl=0HeygMwaAigL8hwfyZADc5gsTN8/rXiKwHWipiAO1wg=
机器人行业系列三：传感器-外界互动的必备感知,国金证券,2025-01-21 00:00:00.000,专用设备,https://data.eastmoney.com/report/zw_industry.jshtml?encodeUrl=oY5mp548Mc+kiL+DFouDkRroq8oMlKXxy578NMnRwSU=
脑机接口技术（BIC）：大脑与外部世界的直接对话时代,深圳汉鼎智库咨询服务,2025-01-14 00:00:00.000,专用设备,https://data.eastmoney.com/report/zw_industry.jshtml?encodeUrl=/HnCEMJXnVQTSbNB6gvGHTGgcmNQwO5yVG8nwaMsqOE=
机械行业周报：特斯拉人形机器人量产计划加速，重视产业链机遇,太平洋,2025-01-13 00:00:00.000,专用设备,https://data.eastmoney.com/report/zw_industry.jshtml?encodeUrl=RNR7w6Psphxa+Vc3J46BtgtCE2KwfDnCgQ5EtikN8I4=
先进制造行业周报：聚焦2025CES：大模型+具身智能打开人形机器人产业长期成长空间,中航证券,2025-01-12 00:00:00.000,专用设备,https://data.eastmoney.com/report/zw_industry.jshtml?encodeUrl=T9wNne/tI+bspCSMrr7T4fNcOBU25Bzb9l3I5PVTQ00=
机械行业研究：看好燃气轮机、人形机器人与船舶,国金证券,2025-01-12 00:00:00.000,专用设备,https://data.eastmoney.com/report/zw_industry.jshtml?encodeUrl=T9wNne/tI+bspCSMrr7T4X5bTQK5C08QtHygcNgvJLQ=
人形机器人板块大涨点评：特斯拉2026-2027年连续扩产10倍量产指引大超预期，人形机器人商业化落地进程加速,上海证券,2025-01-10 00:00:00.000,专用设备,https://data.eastmoney.com/report/zw_industry.jshtml?encodeUrl=u+XwxadkoZvBgCGkyDgAtgiMwEKwqyBdvMTE1ncay7k=
企业竞争图谱：2024年低空照明 头豹词条报告系列,头豹研究院,2025-01-07 00:00:00.000,专用设备,https://data.eastmoney.com/report/zw_industry.jshtml?encodeUrl=YT89FmgOe9v/D5UjQPwfnUAOtJj/E8J3HzfbmAlfZFk=
机械行业周报：铁路客货发送量持续增长，看好轨交设备景气持续,太平洋,2025-01-06 00:00:00.000,专用设备,https://data.eastmoney.com/report/zw_industry.jshtml?encodeUrl=zobJ2JBCvJjjxBHEORThNvd/ofmw89j7WXic335xu/Q=
先进制造行业周报：豆包“蒸熟”，国内AI产业迈入快速落地+商业变现新周期,中航证券,2025-01-06 00:00:00.000,专用设备,https://data.eastmoney.com/report/zw_industry.jshtml?encodeUrl=zobJ2JBCvJjjxBHEORThNkKr6UvcgotaD1TR0ooIOZA=
机械行业研究：看好人形机器人、船舶、铁路装备与工业气体,国金证券,2025-01-05 00:00:00.000,专用设备,https://data.eastmoney.com/report/zw_industry.jshtml?encodeUrl=oiWSItT+XkiZlGYxOqc+BMH/ITWbZcgUXNQjToltgtY=
人形机器人产业发展研究报告（2024年）,中国信通院,2025-01-05 00:00:00.000,专用设备,https://data.eastmoney.com/report/zw_industry.jshtml?encodeUrl=oiWSItT+XkiZlGYxOqc+BFG0UTC7OkYjqXdr+jqwCls=
人形机器人“好用”的关键：特斯拉Optimus22自由度灵巧手方案解析,华鑫证券,2025-01-05 00:00:00.000,专用设备,https://data.eastmoney.com/report/zw_industry.jshtml?encodeUrl=AukOgCP3brwpTPLXX0TJE6B9NLHKpTSURtNfRqNxt6U=
中国轨交设备行业市场规模测算逻辑模型 头豹词条报告系列,头豹研究院,2024-12-31 00:00:00.000,专用设备,https://data.eastmoney.com/report/zw_industry.jshtml?encodeUrl=eY0/omAuuDO55Fgbz+UolFmKggMEO6M9ReTj0Re1v8s=
2025年人形机器人行业投资策略报告：量产元年，曙光将现,万联证券,2024-12-31 00:00:00.000,专用设备,https://data.eastmoney.com/report/zw_industry.jshtml?encodeUrl=eY0/omAuuDO55Fgbz+UolAd1qV1PtqCvJy61xlGeTJY=
机械行业周报：宇树B2-W机器狗惊艳炫技，助推机器狗、人形机器人商业化提速,太平洋,2024-12-30 00:00:00.000,专用设备,https://data.eastmoney.com/report/zw_industry.jshtml?encodeUrl=ETGJXdMr0kranefi9n3PBrc5+hz0mch6e2rA7Jjo3/s=
2024年度中国磁共振成像设备（MRI）市场洞察,北京医装数胜科技,2024-12-30 00:00:00.000,专用设备,https://data.eastmoney.com/report/zw_industry.jshtml?encodeUrl=pVPRS63IZgZ+97DnkTNdp5PcU1PZtJ1yLf7OErJotxU=
机械行业2025年度投资策略：攻守并重，紧跟需求边际变化及新质生产力发展,民生证券,2024-12-23 00:00:00.000,专用设备,https://data.eastmoney.com/report/zw_industry.jshtml?encodeUrl=VeI7+evhtCMo3rVLR9vz0TlsWCXrtBZdIUQeCAiAu2s=
专用设备行业点评报告：宁德发布巧克力标准换电，换电0-1发展利好设备商,东吴证券,2024-12-22 00:00:00.000,专用设备,https://data.eastmoney.com/report/zw_industry.jshtml?encodeUrl=t7ow2XvvZKSZEd7QmGCV3GrazXdHY80ijgXdDJyFoJo=
机械一周解一惑系列：机器人可能延伸新方向，具身智能与特种机器人,民生证券,2024-12-22 00:00:00.000,专用设备,https://data.eastmoney.com/report/zw_industry.jshtml?encodeUrl=t7ow2XvvZKSZEd7QmGCV3LltXPwC6AUaVJc54OJVZjg=
机械一周解一惑系列：煤化工项目加速落地，设备需求稳步提升,民生证券,2024-12-16 00:00:00.000,专用设备,https://data.eastmoney.com/report/zw_industry.jshtml?encodeUrl=0HV2g2MG3dSTwprGgPxrUQmufrlbW01oRWaB2n3RPDc=
机械行业：冰雪产业高质量发展利好制冷设备,东兴证券,2024-12-16 00:00:00.000,专用设备,https://data.eastmoney.com/report/zw_industry.jshtml?encodeUrl=0HV2g2MG3dSTwprGgPxrUfClc4UK+6NlxILs/7HBUaY=
工控&机器人2025年度策略报告：工控复苏拐点渐进，人形机器人产业化加速,信达证券,2024-12-12 00:00:00.000,专用设备,https://data.eastmoney.com/report/zw_industry.jshtml?encodeUrl=syFYlrleDP5MxQxTKCHa6DCxh05GGYj10azqeGdi898=
口腔设备专题：CBCT市场空间测算,中邮证券,2024-12-12 00:00:00.000,专用设备,https://data.eastmoney.com/report/zw_industry.jshtml?encodeUrl=syFYlrleDP5MxQxTKCHa6DEhFXU7RHJjwXvaHUfovm8=
25年人形机器人策略报告：0-1放量在即，华为加码助力国产链崛起,国金证券,2024-12-11 00:00:00.000,专用设备,https://data.eastmoney.com/report/zw_industry.jshtml?encodeUrl=0Pu7hazKl2GscAlH57cFm6jnKxJzoXs8C6b2xA5rrac=
机械行业周报：人形机器人利好催化频出，产业进展不断加速,太平洋,2024-12-09 00:00:00.000,专用设备,https://data.eastmoney.com/report/zw_industry.jshtml?encodeUrl=UO42soTbxZsWiaskWaP4X/HboTz930Jdo8UEY1RjsG4=
机器视觉行业深度报告：机器视觉，智能制造之眼,国元证券,2024-12-09 00:00:00.000,专用设备,https://data.eastmoney.com/report/zw_industry.jshtml?encodeUrl=UO42soTbxZsWiaskWaP4X011n2OmsBGqy3T7vdh8744=
机器人行业周报：川渝政府发布聚身智能相关文件，聚焦人工智能与机器人,西南证券,2024-12-08 00:00:00.000,专用设备,https://data.eastmoney.com/report/zw_industry.jshtml?encodeUrl=/uHen7jB2WUrCYkPfhjm3RVahyZLwiHt5YkZykarbhw=
机械行业研究：看好人形机器人、科学仪器与船舶,国金证券,2024-12-08 00:00:00.000,专用设备,https://data.eastmoney.com/report/zw_industry.jshtml?encodeUrl=/uHen7jB2WUrCYkPfhjm3US6s9pouO7QteQCy7vna1g=
机械行业：工业母机是人形机器人批量化生产降本的核心,东兴证券,2024-12-04 00:00:00.000,专用设备,https://data.eastmoney.com/report/zw_industry.jshtml?encodeUrl=DlVRfSpgXeaW+/gQIWqOWTHT/qj24DwVVhaXIFoTq4w=
人形机器人专题研究：Optimus灵活手实现空中接球，上游供应链受益产业飞速发展,源达信息,2024-12-04 00:00:00.000,专用设备,https://data.eastmoney.com/report/zw_industry.jshtml?encodeUrl=DlVRfSpgXeaW+/gQIWqOWaFl5GKtaO4pV06K4VBKRys=
智慧物流装备：智慧物流装备趋于智能化、高效化，成为推动物流行业发展的重要力量 头豹词条报告系列,头豹研究院,2024-12-02 00:00:00.000,专用设备,https://data.eastmoney.com/report/zw_industry.jshtml?encodeUrl=uHyZubTvLN1NIaUqK0GY0LNJsZpvhXT3RfKbvUlnJqo=
人形机器人产业周报：特斯拉展示第三代灵巧手，南京市发布机器人行动计划,民生证券,2024-12-01 00:00:00.000,专用设备,https://data.eastmoney.com/report/zw_industry.jshtml?encodeUrl=z6O1ezoVDID9LJGlCG9KPe5Y1h5xZAx08E0RRFWCuCQ=
机械行业：人形机器人或解决定制化痛点,东兴证券,2024-11-22 00:00:00.000,专用设备,https://data.eastmoney.com/report/zw_industry.jshtml?encodeUrl=qUYvPoEbtEjDd18HnHk4pSyw3h624ZWH7+ZcJJ72j+g=
机械行业周报：新疆煤化工产业高速发展，利好设备需求,太平洋,2024-11-18 00:00:00.000,专用设备,https://data.eastmoney.com/report/zw_industry.jshtml?encodeUrl=8MWEAQmK8xDjW/d/r2CvcOfat8hzfF7eD2iJO3F37l4=
企业竞争图谱：2024年农业机械 头豹词条报告系列,头豹研究院,2024-11-18 00:00:00.000,专用设备,https://data.eastmoney.com/report/zw_industry.jshtml?encodeUrl=8MWEAQmK8xDjW/d/r2CvcLFabRPzyK81MPvKpgtw/QU=
机器人行业快评报告：《重庆市“机器人+”应用行动计划（2024—2027年）》发布，政策支持进一步完善,万联证券,2024-11-14 00:00:00.000,专用设备,https://data.eastmoney.com/report/zw_industry.jshtml?encodeUrl=bhCAui3rj/S9U+gchwTfh8uJSnQPgXzOmB2QrM0tzls=
海外半导体设备巨头巡礼系列：应用材料（AMAT）内生外延打造“半导体设备超市”，整线设备&高品质服务构筑护城河,东吴证券,2024-11-14 00:00:00.000,专用设备,https://data.eastmoney.com/report/zw_industry.jshtml?encodeUrl=P9tuE+Ro9mA3tcYOz6DZh8wvziKWJ0ennEvWfIBFdnQ=
2024年中国睡眠监测类设备行业概览：科技赋能，深度洞察睡眠健康,头豹研究院,2024-11-13 00:00:00.000,专用设备,https://data.eastmoney.com/report/zw_industry.jshtml?encodeUrl=P9tuE+Ro9mA3tcYOz6DZh4RIUUSxHwqF9ShZrlfsQc8=
机器人行业周报：小鹏人形机器人Iron进入工厂工作，率先聚焦工厂、门店等场景,西南证券,2024-11-11 00:00:00.000,专用设备,https://data.eastmoney.com/report/zw_industry.jshtml?encodeUrl=adU9hIyDTbg4Hg2wd0swZsS5u5ER248lphT0RIUx2zE=
星海系列：人形机器人与AI大模型之Robot+AI的Transformer之旅,民生证券,2024-11-07 00:00:00.000,专用设备,https://data.eastmoney.com/report/zw_industry.jshtml?encodeUrl=6rwsOE2eYRR6gEWSG98QvaYZMhPqywNVGZxvm+WJiHY=
人形机器人产业周报：Atlas展示工厂实操视频，国内人形机器人标准首发,民生证券,2024-11-03 00:00:00.000,专用设备,https://data.eastmoney.com/report/zw_industry.jshtml?encodeUrl=eO0LDdDmu3JAeEEkz6m4cWYmGMF73YtmOdJKA4nXfsM=
先进制造行业周报：人形机器人捷报频传，看好四季度板块行情持续,中航证券,2024-10-28 00:00:00.000,专用设备,https://data.eastmoney.com/report/zw_industry.jshtml?encodeUrl=qOgMjjTwPbYnSJ8Of/DqC9Gi1zckpjX5lYws9x+hRGo=
人形机器人产业周报：We Robot活动后特斯拉再更新人形机器人进展,民生证券,2024-10-21 00:00:00.000,专用设备,https://data.eastmoney.com/report/zw_industry.jshtml?encodeUrl=mHTpsQbXnzB+s1InFCsKmuqntuK7qEwXW4omzONOpHU=
人形机器人行业快评报告：特斯拉召开WeRobot发布会，人形机器人性能再度提升,万联证券,2024-10-17 00:00:00.000,专用设备,https://data.eastmoney.com/report/zw_industry.jshtml?encodeUrl=dkPDbuAD1toQ0GoconHd+3OO01t+9KmQZJJZ/e189EM=
人形机器人产业周报：特斯拉人形机器人亮相活动，现场交互能力为亮点,民生证券,2024-10-14 00:00:00.000,专用设备,https://data.eastmoney.com/report/zw_industry.jshtml?encodeUrl=p9sLAT01v17d99p2NO23e+XWGmWggcg40R6a2fp6d04=
人形机器人产业周报：腾讯发布机器人小五，宇树再度完成数亿元融资,民生证券,2024-10-07 00:00:00.000,专用设备,https://data.eastmoney.com/report/zw_industry.jshtml?encodeUrl=FHutSDdiXpD4eQWjOnhkb1DvNDMrunJIeK3Uf2fdKj8=
人形机器人行业点评报告：工博会国内诸多厂商亮相，十月期待新Demo机登场,国元证券,2024-09-30 00:00:00.000,专用设备,https://data.eastmoney.com/report/zw_industry.jshtml?encodeUrl=EXr1wz6P8Dw7dEw5Hjq46NuywdZ6kHy8hNDNo8shrjg=
人形机器人专题（三）：灵巧手：结构向高承载发展，丝杠数量或将倍增,国金证券,2024-09-27 00:00:00.000,专用设备,https://data.eastmoney.com/report/zw_industry.jshtml?encodeUrl=dkfRp8lhWoJIUEfv6gFhJK99J9fyZMHR8JDYeFJDTvE=
灵巧手：人形机器人应用落地的关键,华安证券,2024-09-26 00:00:00.000,专用设备,https://data.eastmoney.com/report/zw_industry.jshtml?encodeUrl=Zi422xVRVyXj/O8sw+0gfJteLnuvFgO8cCkagu4Mohs=
机械行业：股份回购有助于估值修复,东兴证券,2024-09-25 00:00:00.000,专用设备,https://data.eastmoney.com/report/zw_industry.jshtml?encodeUrl=JjSUNYe3SI9N05bj68qIwLkhsUODGdOlrJ1eAGewiyk=
机械行业：专用设备有望迎估值修复,东兴证券,2024-09-25 00:00:00.000,专用设备,https://data.eastmoney.com/report/zw_industry.jshtml?encodeUrl=JjSUNYe3SI9N05bj68qIwN1ULqUhdIy1qL9SH5kOGNo=
2024年中国机器人传感器行业研究报告：商业化启航，人形机器人引领传感器行业新飞跃（精简版）,头豹研究院,2024-09-14 00:00:00.000,专用设备,https://data.eastmoney.com/report/zw_industry.jshtml?encodeUrl=HVNJTf2gMQy/I7AczrrZElxySKaakQsePJqf4d3Rze4=
力传感器专题研究：六维力传感器：高附加值核心部件，人形机器人推动行业长足发展,源达信息,2024-09-14 00:00:00.000,专用设备,https://data.eastmoney.com/report/zw_industry.jshtml?encodeUrl=HVNJTf2gMQy/I7AczrrZEs6cnxTn+PK4WF44dvN5CE0=
中国视觉治疗设备行业市场规模测算逻辑模型 头豹词条报告系列,头豹研究院,2024-09-13 00:00:00.000,专用设备,https://data.eastmoney.com/report/zw_industry.jshtml?encodeUrl=FlDFA2EaZWXM28wnsbpCbipgHqrEisgOtMnDLm2TKA0=
中国六维力矩传感器行业市场规模测算逻辑模型 头豹词条报告系列,头豹研究院,2024-09-12 00:00:00.000,专用设备,https://data.eastmoney.com/report/zw_industry.jshtml?encodeUrl=MR4ijQlGu5O8Zsw8VxqYTXiOLgk4+Z0Orp0y9nqeffE=
2024年中国手持智能摄像机行业研究报告：掌中视界，洞见未来，手持智能摄像机科技之旅（摘要版）,头豹研究院,2024-09-04 00:00:00.000,专用设备,https://data.eastmoney.com/report/zw_industry.jshtml?encodeUrl=tdCGWdfK+3nx/IzJ67b9rWE3injVyRHnJhpXAkuRG4w=
中国激光显示行业市场规模测算逻辑模型 头豹词条报告系列,头豹研究院,2024-09-03 00:00:00.000,专用设备,https://data.eastmoney.com/report/zw_industry.jshtml?encodeUrl=6oX+tJA3ETppVEGHGUGBCJi+0cWfn2XC6+A/IhoN9H0=
机器人行业周报：小鹏第二代人形机器人预计1024发布，多方面迎来升级,西南证券,2024-09-01 00:00:00.000,专用设备,https://data.eastmoney.com/report/zw_industry.jshtml?encodeUrl=U9GTQ+vGqDdvKeR9qWg33W2Z6JYflqkRnyDN0RWJy6U=
机械行业周报：杰克股份24H1业绩亮眼，智元机器人发布五款商用人形机器人新品,上海证券,2024-08-26 00:00:00.000,专用设备,https://data.eastmoney.com/report/zw_industry.jshtml?encodeUrl=HqVKLTox5y/k3ddRtYzXz3eKJaMYyfxdGZ9rSDztv7M=
人形机器人产业周报：智元发布五款人形机器人新品，小鹏机械手亮相,民生证券,2024-08-19 00:00:00.000,专用设备,https://data.eastmoney.com/report/zw_industry.jshtml?encodeUrl=csZqz9nEzP/tORAvTo6o4YOIEHpYZUDmN19wHL3ocDo=
机器人行业周报：2024世界机器人大会即将召开，预计亮相27款人形机器人整机,西南证券,2024-08-18 00:00:00.000,专用设备,https://data.eastmoney.com/report/zw_industry.jshtml?encodeUrl=csZqz9nEzP/tORAvTo6o4SVg3j1sSfZ1sGlCBjUd08M=
机械行业：专用设备有望受益于人民币升值,东兴证券,2024-08-06 00:00:00.000,专用设备,https://data.eastmoney.com/report/zw_industry.jshtml?encodeUrl=ehyiprfZutyJUr0xBQ3Kwy9f2b5cjF3Mx4j3cGQe8uM=
企业竞争图谱：2024年储能温控 头豹词条报告系列,头豹研究院,2024-08-05 00:00:00.000,专用设备,https://data.eastmoney.com/report/zw_industry.jshtml?encodeUrl=CJnLP5z5J+YUChawNsIczG5LKvQ2aItA9btLuWvbobo=
设备更新政策点评：补贴力度加大，预期下游景气行业效果将更加显著,山西证券,2024-07-31 00:00:00.000,专用设备,https://data.eastmoney.com/report/zw_industry.jshtml?encodeUrl=Y/Twzn9NyNdJbj2Y8fXWO1PYK2kgNUvINajtCr5ZTPE=
工程机械电动化：电动化进程取得突破，国内龙头有望通过电动化弯道超车,东吴证券,2024-07-15 00:00:00.000,专用设备,https://data.eastmoney.com/report/zw_industry.jshtml?encodeUrl=CJDlMxeHVFlgnlk1Svze2ZtXAFegG0Xb2lpWRhVJ5vY=
机械行业周报：看好船舶、矿山机械、叉车行业景气度提升,国金证券,2024-07-14 00:00:00.000,专用设备,https://data.eastmoney.com/report/zw_industry.jshtml?encodeUrl=oikKaxo1blzqTON//WoHBPHyZaRznJiXXAR4xXZSLyA=
机器人行业研究：国产人形运动能力整体提升，24-25年密集实现小批量生产,国金证券,2024-07-11 00:00:00.000,专用设备,https://data.eastmoney.com/report/zw_industry.jshtml?encodeUrl=eS7amNy12T+TYFPGQqx6M4jMYbWNpJtDvVTabiNeg9s=
信达机械行业2024年度中期策略报告：关注内需复苏和设备更替主线,信达证券,2024-07-09 00:00:00.000,专用设备,https://data.eastmoney.com/report/zw_industry.jshtml?encodeUrl=1iUN7bzY7yh/AXQ5vavxCz7hNc9y2xITPjxHtpQofYU=
星闪应用场景加速落地，下游应用领域产业发展迅猛,深圳汉鼎智库咨询服务,2024-07-08 00:00:00.000,专用设备,https://data.eastmoney.com/report/zw_industry.jshtml?encodeUrl=Jl84KnxX6l/IGTq6Biv6gd0XLdBRlO6WGGA4HSYQl0I=
中国eVTOL动力系统前装市场规模测算逻辑模型 头豹词条报告系列,头豹研究院,2024-07-01 00:00:00.000,专用设备,https://data.eastmoney.com/report/zw_industry.jshtml?encodeUrl=skhsbYmbG4sQJ0EDHeUJRKmWs96//6P535Ytz0P1SIQ=
机械行业研究：看好船舶、工业母机、叉车行业景气度提升,国金证券,2024-07-01 00:00:00.000,专用设备,https://data.eastmoney.com/report/zw_industry.jshtml?encodeUrl=skhsbYmbG4sQJ0EDHeUJRBkfDNpk6mONX663Thj8W8k=
机械设备行业2024年半年度投资策略：景气复苏，科技起舞,国元证券,2024-06-27 00:00:00.000,专用设备,https://data.eastmoney.com/report/zw_industry.jshtml?encodeUrl=YHd8rTfI5Cb234PwlCPSnbMyG4tVPhni0lhp9XSLwPM=
2024年中期机器人行业投资策略报告：群雄逐鹿，曙光将至,万联证券,2024-06-25 00:00:00.000,专用设备,https://data.eastmoney.com/report/zw_industry.jshtml?encodeUrl=/f78yaTbkEKNC/HJbxBabsa8+KYXZuIgFdpx9eNWiIE=
机器人行业周报：华为云发布盘古具身智能大模型，乐聚夸父机器人同步亮相,西南证券,2024-06-24 00:00:00.000,专用设备,https://data.eastmoney.com/report/zw_industry.jshtml?encodeUrl=BBr16LgYONn6tOBapGsLnyQqKwelYTq5QJgHyDmPsT8=
矿山装备行业研究：高岭巍峨稳如山，大海波涛破岸来,国金证券,2024-06-24 00:00:00.000,专用设备,https://data.eastmoney.com/report/zw_industry.jshtml?encodeUrl=BBr16LgYONn6tOBapGsLn8yf76GhtY+HeNgTmEmrEaw=
走进“芯”时代系列之八十“功率半导”深度分析：“功率半导”铸全球竞争护城河，产品格局看“底部”机遇,华金证券,2024-06-05 00:00:00.000,专用设备,https://data.eastmoney.com/report/zw_industry.jshtml?encodeUrl=UI0AW02uZ+AOeN588nxDLHxkPWzGulI7C5k2ThscFpQ=
2024年中国人形机器人行业研究：关注人形机器人产业链机遇（精简版）,头豹研究院,2024-05-31 00:00:00.000,专用设备,https://data.eastmoney.com/report/zw_industry.jshtml?encodeUrl=46WMqoDMhe0AymwN/ULtmf8Qc6g0ld2KIqQyT9lvCc0=
机器人行业2023及2024Q1业绩综述报告：2023年业绩有所好转，2024Q1表现分化,万联证券,2024-05-30 00:00:00.000,专用设备,https://data.eastmoney.com/report/zw_industry.jshtml?encodeUrl=e1bLkqqRqto0bfapIbioQLtFQsjcq89ctsxSU8MS23A=
机械行业周报：大模型频频升级迭代，消费电子硬件升级带动新增设备需求,太平洋,2024-05-27 00:00:00.000,专用设备,https://data.eastmoney.com/report/zw_industry.jshtml?encodeUrl=G2weRIfxk6JOu40yBSRJniu93ViJYCAGEiG6WOTWOpc=
专用设备制造系列：2024年中国蒸压加气混凝土设备行业概览（摘要版）,头豹研究院,2024-05-20 00:00:00.000,专用设备,https://data.eastmoney.com/report/zw_industry.jshtml?encodeUrl=Z8adxjg2/PqbkC+rJv2bXz7urELCXQqi5YrA2Gq2U4I=
机器人行业周报：宇树发布人形智能体G1，售价仅9.9万元大超预期,西南证券,2024-05-20 00:00:00.000,专用设备,https://data.eastmoney.com/report/zw_industry.jshtml?encodeUrl=Z8adxjg2/PqbkC+rJv2bXxiaZ7CAHo+ATu6r7NYkENw=
机床设备2023年报&2024一季报总结：业绩继续筑底，看好设备更新改造及出海需求增长,山西证券,2024-05-20 00:00:00.000,专用设备,https://data.eastmoney.com/report/zw_industry.jshtml?encodeUrl=Z8adxjg2/PqbkC+rJv2bX6ch9EqaNV/f7UY7LWzxe68=
机械行业：特斯拉机器人“进工厂”里程碑事件确立，看好设备更新方向流程工业与轨交设备机会,开源证券,2024-05-15 00:00:00.000,专用设备,https://data.eastmoney.com/report/zw_industry.jshtml?encodeUrl=DfMYJ3E+7NUNbxBvspfgejqx0fNlivj9FIjx1x5peqU=
机械设备行业快评报告：国产人形机器人进展迅速，售价低于预期,万联证券,2024-05-15 00:00:00.000,专用设备,https://data.eastmoney.com/report/zw_industry.jshtml?encodeUrl=ceBQgxY2S5KgfuqEMV+mGoi5F+H+IDD8qllU033dNgg=
机械设备行业周报：4月挖机内销同比+13.3%超预期，持续推荐工程机械板块,华龙证券,2024-05-14 00:00:00.000,专用设备,https://data.eastmoney.com/report/zw_industry.jshtml?encodeUrl=DfMYJ3E+7NUNbxBvspfgem0kgLF7H52FnZc7ZuGbmbk=
机械行业2024年中期投资策略：AI是时代的红利，设备更新或推动顺周期提前到来,开源证券,2024-05-09 00:00:00.000,专用设备,https://data.eastmoney.com/report/zw_industry.jshtml?encodeUrl=35LdZWW1ERIe7AWLlyVZFAuOXVeoZmtqZCFj9b3UwH8=
产业链梳理概况：人形机器人风起云涌,华安证券,2024-05-06 00:00:00.000,专用设备,https://data.eastmoney.com/report/zw_industry.jshtml?encodeUrl=WIYeSwvNGxFJQ6k3J1EXNIcsMKV6NmH7UMcJXUr6wmw=
机械行业周报：马斯克访华与李强总理会见，人形机器人产业化有望加速,太平洋,2024-05-06 00:00:00.000,专用设备,https://data.eastmoney.com/report/zw_industry.jshtml?encodeUrl=WIYeSwvNGxFJQ6k3J1EXNKSMCez0N+E+LD/Soi2ETeI=
中国游乐设备制造行业市场规模测算逻辑模型 头豹词条报告系列,头豹研究院,2024-04-25 00:00:00.000,专用设备,https://data.eastmoney.com/report/zw_industry.jshtml?encodeUrl=OPw8X34UDWQq6g0u70KgHYr/XecOl6xGgS9gQ7/SSbw=
机械行业周报：波士顿动力推出全新Atlas，人形机器人迈入电动新时代,太平洋,2024-04-22 00:00:00.000,专用设备,https://data.eastmoney.com/report/zw_industry.jshtml?encodeUrl=f4cddJnz34JSxH+pw62l7cWtYJF5UVcD4nwpkQwqefE=
机器人行业周报：波士顿动力入局电驱人形机器人，3月工业机器人产量同比增长6.6%,西南证券,2024-04-21 00:00:00.000,专用设备,https://data.eastmoney.com/report/zw_industry.jshtml?encodeUrl=zrBVIE5sQhS4eyuFUrBpm9gYP+0xGBPUKW2MO8DYOac=
机械一周解一惑系列：低空经济后续可能的新技术路线、新工艺梳理,民生证券,2024-04-20 00:00:00.000,专用设备,https://data.eastmoney.com/report/zw_industry.jshtml?encodeUrl=s1lOHImtxzmnT8vc/UXlhJ4wA2mIuree/1QozAGmokY=
焊接设备：智能焊接新纪元，自动化精准焊接引领制造业升级 头豹词条报告系列,头豹研究院,2024-04-19 00:00:00.000,专用设备,https://data.eastmoney.com/report/zw_industry.jshtml?encodeUrl=UbWANiIOuULHo2MdS6bV69wJaspoev4Deeyou+8Hlgk=
人形机器人专题报告四：六维力传感器：人机末端力觉来源，行业格局变化在即,华宝证券,2024-04-15 00:00:00.000,专用设备,https://data.eastmoney.com/report/zw_industry.jshtml?encodeUrl=tqok0T5whVRfL49R6ydCAfmz5jYfC4vn7gcedhwIII4=
半导体封装设备行业深度：后摩尔时代封装技术快速发展 封装设备迎国产化机遇,东吴证券,2024-04-15 00:00:00.000,专用设备,https://data.eastmoney.com/report/zw_industry.jshtml?encodeUrl=tqok0T5whVRfL49R6ydCAfey7kjp8ip+mMdqW2RNG0M=
先进制造行业周报：设备更新政策激发内需活力，人形机器人产业进展超预期,中航证券,2024-04-14 00:00:00.000,专用设备,https://data.eastmoney.com/report/zw_industry.jshtml?encodeUrl=iWToQ9gY1Kp8iR9foUkq/iZ/iKTUmF0uqOAd3KUycXQ=
机械一周解一惑系列：大规模设备更新政策出台，轨交设备替换加速,民生证券,2024-04-14 00:00:00.000,专用设备,https://data.eastmoney.com/report/zw_industry.jshtml?encodeUrl=XgMDvaN6mN7k4l9EngklykTFIQtfGho2kPQLV5jUzXU=
人形机器人系列报告（二）：MEMS IMU或为人形机器人实现两足运动平衡的最佳方案,山西证券,2024-04-09 00:00:00.000,专用设备,https://data.eastmoney.com/report/zw_industry.jshtml?encodeUrl=mHE0UeHLXoBE9ORkd4aLiufMcQaNSj2vWFS05BvpbJs=
机械行业周报：首届人形机器人生态大会举办，本体厂商百花齐放,太平洋,2024-04-08 00:00:00.000,专用设备,https://data.eastmoney.com/report/zw_industry.jshtml?encodeUrl=eH6rMGjAtY+vJloC//oK3nbp/eke9EiAU3WEQb+9LUo=
机器人行业研究：英伟达赋能机器人AI超预期，二季度迎机器人定点最大催化,国金证券,2024-04-05 00:00:00.000,专用设备,https://data.eastmoney.com/report/zw_industry.jshtml?encodeUrl=H33DmIU3MOjAreR0cTdh4mhDQL5liu015HlXA52vYPk=
机械行业周报：制造业PMI重回扩张区间，制造业景气回升,华龙证券,2024-04-01 00:00:00.000,专用设备,https://data.eastmoney.com/report/zw_industry.jshtml?encodeUrl=Qk2P1FSR9mu3FzKELxi6d5wo6cUS/ZbxU4egMVlDHV8=
行星滚柱丝杠——高精技术集成之作，人形机器人线性关节,华鑫证券,2024-03-28 00:00:00.000,专用设备,https://data.eastmoney.com/report/zw_industry.jshtml?encodeUrl=AoOeOHZ0IM85uyBhOFCTO+Z8/pz2dFduVk+Ik6b1tqQ=
2023年中国力传感器行业概览：人形机器人催生六维力传感器需求（摘要版）,头豹研究院,2024-03-28 00:00:00.000,专用设备,https://data.eastmoney.com/report/zw_industry.jshtml?encodeUrl=AoOeOHZ0IM85uyBhOFCTOz+EQt/iN4OmaLEkTd8mePY=
3C设备行业深度报告：消费电子行业或迎复苏，关注新技术带来的设备增量,中银证券,2024-03-26 00:00:00.000,专用设备,https://data.eastmoney.com/report/zw_industry.jshtml?encodeUrl=5cVbW11l7EA69XnVGNyX4mODlNzJSjv9hipdNHjrnC8=
行业跟踪：先进制造产业链核心数据跟踪,川财证券,2024-03-25 00:00:00.000,专用设备,https://data.eastmoney.com/report/zw_industry.jshtml?encodeUrl=+BPKY7dATa2acOrEl+Fgh9406VWCuDhlAMANvaCJHLI=
机械行业2024年投资策略：向新而生，破局而立,中航证券,2024-03-25 00:00:00.000,专用设备,https://data.eastmoney.com/report/zw_industry.jshtml?encodeUrl=EirzsGvdKMqyFdEi13p3Rap8+kCacoPxMKcHs3MzO6Y=
行业跟踪：先进制造产业链核心数据跟踪,川财证券,2024-03-21 00:00:00.000,专用设备,https://data.eastmoney.com/report/zw_industry.jshtml?encodeUrl=h3p8/j77IUi/970pvlgKf1vqccczg/L/RHDBzidi4e4=
蒸压加气混凝土装备 头豹词条报告系列,头豹研究院,2024-03-20 00:00:00.000,专用设备,https://data.eastmoney.com/report/zw_industry.jshtml?encodeUrl=hpdHYLfvtY4YhZk5FnpEQ2nYQffniaIvgDF6kUJRomA=
机器人行业周报：Figure&Open AI合作加速，人形机器人智能交互升级,西南证券,2024-03-18 00:00:00.000,专用设备,https://data.eastmoney.com/report/zw_industry.jshtml?encodeUrl=zlJTLgLwaDGT/oxKwg34pl0NrS5PiRxF27zVcLRRvjI=
人形机器人行业跟踪报告：国内外人形机器人催化不断，如何把握2024年板块投资机会？,东吴证券,2024-03-15 00:00:00.000,专用设备,https://data.eastmoney.com/report/zw_industry.jshtml?encodeUrl=/aS8w+eETwytu3VI4T6zmSoolLIs0GKjwaUMj7O4byg=
机械设备：新质生产力为制造业注入增长新动能,中航证券,2024-03-15 00:00:00.000,专用设备,https://data.eastmoney.com/report/zw_industry.jshtml?encodeUrl=/aS8w+eETwytu3VI4T6zmW22i2hP3C9WJvU/zv5XwaI=
机械行业周报：大规模设备更新持续推进，机床、轨交、农机等有望受益,上海证券,2024-03-14 00:00:00.000,专用设备,https://data.eastmoney.com/report/zw_industry.jshtml?encodeUrl=7Yxw5XmEZATlvg0PNankSR+Wa/6uov3R/Lni+9HmogQ=
机械行业周报：具身智能是AI的终极形态，持续关注人形机器人产业链,上海证券,2024-03-08 00:00:00.000,专用设备,https://data.eastmoney.com/report/zw_industry.jshtml?encodeUrl=B93udXDJV7EjtstAAb8+xQ1x8osrGE5NKoKq9WORsYU=
关节臂测量机 头豹词条报告系列,头豹研究院,2024-03-05 00:00:00.000,专用设备,https://data.eastmoney.com/report/zw_industry.jshtml?encodeUrl=qKiZJUUfH5/pz+PptX0jYBpPkM5yytvQQpvAUlaLjpg=
机器人行业周报：宇树发布H1进化V3.0版本，国产人形机器人软硬件能力再提升,西南证券,2024-03-04 00:00:00.000,专用设备,https://data.eastmoney.com/report/zw_industry.jshtml?encodeUrl=nTZc3cJ4pt7jUiHWnwBZZ8EvtZshPY/3NkPNAqbZarA=
机械行业周报：新一轮大规模设备更新启动，人形机器人行业催化不断,上海证券,2024-02-28 00:00:00.000,专用设备,https://data.eastmoney.com/report/zw_industry.jshtml?encodeUrl=wrWHQ95ZauEzhKCWej4b9Gfi8SvdDpS99zi0nzWHLQs=
智能机器人行业点评：英伟达成立GEAR，多巨头入局人形机器人,民生证券,2024-02-27 00:00:00.000,专用设备,https://data.eastmoney.com/report/zw_industry.jshtml?encodeUrl=faz29+Z/WAL8HKot6ZrtvvTyD/6RAy4AaEeyxri6cao=
人形机器人深度之四：滚柱丝杠：让运动更丝滑，国产替代蓄势待发,东吴证券,2024-02-26 00:00:00.000,专用设备,https://data.eastmoney.com/report/zw_industry.jshtml?encodeUrl=wENqeu1ti04XyLGyyeGyk1St3ViJ/1fTShJEOGURRFs=
机械设备行业周报：英伟达、特斯拉更新机器人进展，板块有望受到催化,太平洋,2024-02-26 00:00:00.000,专用设备,https://data.eastmoney.com/report/zw_industry.jshtml?encodeUrl=wENqeu1ti04XyLGyyeGyk312YgoS9/TypZ9QPj2Lm/o=
机器人专题研究之一：产业发展概览,国信证券,2024-02-26 00:00:00.000,专用设备,https://data.eastmoney.com/report/zw_industry.jshtml?encodeUrl=wENqeu1ti04XyLGyyeGyk2xdJpaFtrHci7sHZBByfIM=
人形机器人行业点评报告：多事件催化发展，期待英伟达成果展示,国元证券,2024-02-26 00:00:00.000,专用设备,https://data.eastmoney.com/report/zw_industry.jshtml?encodeUrl=wENqeu1ti04XyLGyyeGyk7UxM3rPP0CokH3exC4YHUE=
人形机器人深度之三：更精确的感知，更高效的交互,东吴证券,2024-02-26 00:00:00.000,专用设备,https://data.eastmoney.com/report/zw_industry.jshtml?encodeUrl=wENqeu1ti04XyLGyyeGyk491og7ydVluDab5pXCPdvE=
2023年中国减速器行业概览：从人形机器人看减速器产业机会（摘要版）,头豹研究院,2024-02-22 00:00:00.000,专用设备,https://data.eastmoney.com/report/zw_industry.jshtml?encodeUrl=oZrs6JaLKr9SnpZfxbMsQIQJpf8DBCA1avSitwkz8tc=
协作机器人 头豹词条报告系列,头豹研究院,2024-02-21 00:00:00.000,专用设备,https://data.eastmoney.com/report/zw_industry.jshtml?encodeUrl=QXYE2/TKXsr+lPAyzysJZPYhJ/HA7FZL+CkLa95N2Pw=
干压设备 头豹词条报告系列,头豹研究院,2024-02-05 00:00:00.000,专用设备,https://data.eastmoney.com/report/zw_industry.jshtml?encodeUrl=cltCfXy5a9ZI64Z2Z/0d4JIzXql7Tuaj2sRH4kC3ksw=
先进制造行业周报：特斯拉Optimus行走更加流畅，脑机接口或将提升机器人交互能力,中航证券,2024-02-04 00:00:00.000,专用设备,https://data.eastmoney.com/report/zw_industry.jshtml?encodeUrl=UR73dh6EUmLTYIGNGKi+U+KXCcqHqugVXTT3Fvvb1Kk=
工业机器人行业年报点评：2023年销量同比持平，去库结束静待需求复苏,东吴证券,2024-02-02 00:00:00.000,专用设备,https://data.eastmoney.com/report/zw_industry.jshtml?encodeUrl=S80v48YziWMfsHJQmxR9Ik5QP51fllRGFX7deNe3X88=
机器人系列报告之一：技术更迭加速，未来产业化可期,东莞证券,2024-01-31 00:00:00.000,专用设备,https://data.eastmoney.com/report/zw_industry.jshtml?encodeUrl=Si4Eb1Jj0V8oQAeTMrkNQnbBWtOvIyRGNejd84TQv+Q=
机械设备行业点评报告：特斯拉机器人进入研发迭代尾声，2025年将成为放量里程碑,开源证券,2024-01-26 00:00:00.000,专用设备,https://data.eastmoney.com/report/zw_industry.jshtml?encodeUrl=Qu+BPzGTLlNVATYJsTNQu3M9hvQqbrx+jROYjsG61YU=
机械行业周报：12月叉车数据维持高增，关注低估值稳增长的叉车、检测板块,上海证券,2024-01-26 00:00:00.000,专用设备,https://data.eastmoney.com/report/zw_industry.jshtml?encodeUrl=Qu+BPzGTLlNVATYJsTNQu9cILSjZgyszELyJJhkcxW4=
人形机器人行业发展简述及前景预测,远东资信,2024-01-26 00:00:00.000,专用设备,https://data.eastmoney.com/report/zw_industry.jshtml?encodeUrl=Qu+BPzGTLlNVATYJsTNQuy3nsoWrsMPwUErapaGhNyE=
人形机器人专题报告三：拆解人形机器人结构，寻找高价值量细分领域,华宝证券,2024-01-24 00:00:00.000,专用设备,https://data.eastmoney.com/report/zw_industry.jshtml?encodeUrl=cB6fRtqQvSm5s4GAR8ofOKFznHUaH+AV3Dom8pDbM+0=
机械设备深度报告：机器人如何进行复杂操作和自主移动,中邮证券,2024-01-22 00:00:00.000,专用设备,https://data.eastmoney.com/report/zw_industry.jshtml?encodeUrl=0IbZltAXrYJq0IQGx+OqJbMX5JM1oZHDd21HeZpY02o=
机械设备深度：减速机专题（三）：纳博特斯克：行稳致远，进而有为,东海证券,2024-01-18 00:00:00.000,专用设备,https://data.eastmoney.com/report/zw_industry.jshtml?encodeUrl=wAGcltBsebUUVnHc/f/fEpCH5Z7dPEMUhe+K+OoKKd4=
人形机器人行业点评报告：工业切入生活场景，想象空间持续打开,国元证券,2024-01-18 00:00:00.000,专用设备,https://data.eastmoney.com/report/zw_industry.jshtml?encodeUrl=wAGcltBsebUUVnHc/f/fEmrXeUHfe+B2632Q8LzhvB4=
行业跟踪：先进制造产业链核心数据跟踪,川财证券,2024-01-16 00:00:00.000,专用设备,https://data.eastmoney.com/report/zw_industry.jshtml?encodeUrl=+jiWo3h4TTQtE5BfBpIjnZtAVYrVBtsYt4ZDLsKuhEw=
机械设备行业周报：市场防御意愿强烈，继续看好出口链,华安证券,2024-01-15 00:00:00.000,专用设备,https://data.eastmoney.com/report/zw_industry.jshtml?encodeUrl=MmiXeizh4pM1VOKy01Qmu8MPNttPVS9vJLqk88CKHp4=
先进制造行业周报：触觉传感器：人形机器人迭代新方向，蓝海市场正在开启,中航证券,2024-01-15 00:00:00.000,专用设备,https://data.eastmoney.com/report/zw_industry.jshtml?encodeUrl=VGUHNoDGrcfNlaGzn84CvHK09n5pf4y6OsE0iEaGteA=
机械设备行业点评报告：低估值高股息重点关注—安徽合力+徐工机械+郑煤机,东吴证券,2024-01-14 00:00:00.000,专用设备,https://data.eastmoney.com/report/zw_industry.jshtml?encodeUrl=VGUHNoDGrcfNlaGzn84CvDknIggr3+A2OrxvEvffkd8=
机械行业周报：三花和拓普拟投建机器人部件生产基地，红海局势发酵或提升船舶集装箱需求,上海证券,2024-01-10 00:00:00.000,专用设备,https://data.eastmoney.com/report/zw_industry.jshtml?encodeUrl=gsIhyLoCehr6GrggMFaJBeEGt1YhsGoBOTQ/LnHUEAg=
机械设备行业周报：重视周期复苏，关注叉车等增速稳健通用制造板块,信达证券,2024-01-08 00:00:00.000,专用设备,https://data.eastmoney.com/report/zw_industry.jshtml?encodeUrl=lFReyAlqf7mRu1NdtGPXXOYFcpbkXXUBOEjkdeK32jk=
机器人行业周报：Tier1投资建设执行器生产基地，人形机器人量产在即,西南证券,2024-01-08 00:00:00.000,专用设备,https://data.eastmoney.com/report/zw_industry.jshtml?encodeUrl=lFReyAlqf7mRu1NdtGPXXNLRAADdbKiNRIZGMwIFKLU=
无框力矩电机：至关重要的关节动力部件,中邮证券,2024-01-08 00:00:00.000,专用设备,https://data.eastmoney.com/report/zw_industry.jshtml?encodeUrl=nl04UOU2VyzqS24zxI+98iiGOlecU3nJaIj/pqpWfPA=
科学仪器双周谈第十三期：六大视点回望2023年国产科学仪器行业整体发展动态,开源证券,2024-01-04 00:00:00.000,专用设备,https://data.eastmoney.com/report/zw_industry.jshtml?encodeUrl=qcyg8qEL40kLAHU4s3tzyZXd8whAt4yTEEkW+Fr4Ep0=
机器人新技术专题（二）：如何看冷锻工艺在机器人领域的应用？,国金证券,2024-01-03 00:00:00.000,专用设备,https://data.eastmoney.com/report/zw_industry.jshtml?encodeUrl=C0h9ojqk7Gs+Vjfh7PqlgKU8xh0GDotD89jJ3n32Cpk=
机械设备行业周报：关注特斯拉机器人新方向：线束和标准化充电接口,开源证券,2024-01-03 00:00:00.000,专用设备,https://data.eastmoney.com/report/zw_industry.jshtml?encodeUrl=C0h9ojqk7Gs+Vjfh7PqlgApM0w5HihexY+D2W8WVSQ0=
焊接机器人 头豹词条报告系列,头豹研究院,2024-01-02 00:00:00.000,专用设备,https://data.eastmoney.com/report/zw_industry.jshtml?encodeUrl=1vMpBraspMdLrIFteScEBu1hq5z+XjeesSu2Z3qXYdE=
机械设备深度：工业减速机专题（二）：国产替代正当时，多元开拓启新章,东海证券,2024-01-02 00:00:00.000,专用设备,https://data.eastmoney.com/report/zw_industry.jshtml?encodeUrl=1vMpBraspMdLrIFteScEBm48ks0PVNMtKhkQnE0syp4=
机械行业周报：工程机械底部反转可期，核电获批如期进行,华龙证券,2024-01-02 00:00:00.000,专用设备,https://data.eastmoney.com/report/zw_industry.jshtml?encodeUrl=1vMpBraspMdLrIFteScEBrtPBmXx8AwzYU4IvURxs5g=
机械行业周报：12月PMI49%，环比小幅回落,国金证券,2024-01-02 00:00:00.000,专用设备,https://data.eastmoney.com/report/zw_industry.jshtml?encodeUrl=1vMpBraspMdLrIFteScEBvU+I3EAbBwdBFPnnU/1LBw=
