研报名称,机构名称,发布时间,行业,页数,网页链接,PDF直链
2026年中国旅游营销研究报告,硕远咨询,2026-07-12 00:00:00.000,旅游及景区,19,https://data.eastmoney.com/report/zw_industry.jshtml?encodeUrl=4setjouJ214gX8Re7X69pqVb5ZNTVgVwXGXREFFTQPo=,https://pdf.dfcfw.com/pdf/H3_AP202607121826912062_1.pdf
2026年中国旅游区域格局研究报告,硕远咨询,2026-07-12 00:00:00.000,旅游及景区,22,https://data.eastmoney.com/report/zw_industry.jshtml?encodeUrl=4setjouJ214gX8Re7X69pr2sPpTlE3NMdUAs45TSxCo=,https://pdf.dfcfw.com/pdf/H3_AP202607121826912059_1.pdf
2026年银发旅游研究报告,硕远咨询,2026-07-12 00:00:00.000,旅游及景区,26,https://data.eastmoney.com/report/zw_industry.jshtml?encodeUrl=4setjouJ214gX8Re7X69pkqQzKJPmXxEOaYQOufmdR8=,https://pdf.dfcfw.com/pdf/H3_AP202607121826912058_1.pdf
2026年中国旅游行业趋势研究报告,硕远咨询,2026-07-12 00:00:00.000,旅游及景区,22,https://data.eastmoney.com/report/zw_industry.jshtml?encodeUrl=4setjouJ214gX8Re7X69pgQkKl6PBq1ieYTj7TlN9NY=,https://pdf.dfcfw.com/pdf/H3_AP202607121826912055_1.pdf
2026年中国旅游目的地研究报告,硕远咨询,2026-07-12 00:00:00.000,旅游及景区,31,https://data.eastmoney.com/report/zw_industry.jshtml?encodeUrl=4setjouJ214gX8Re7X69ppmEmpabX/J/dc60Fowwbpw=,https://pdf.dfcfw.com/pdf/H3_AP202607121826912052_1.pdf
社会服务业行业研究：出行链26Q3前瞻：成本扰动逐步缓解，聚焦低预期下的修复机会,国金证券,2026-07-07 00:00:00.000,旅游及景区,24,https://data.eastmoney.com/report/zw_industry.jshtml?encodeUrl=h8pjiSxToq3UPqquKvFq3txRMnubVPy+Qrjas6zQnzE=,https://pdf.dfcfw.com/pdf/H3_AP202607071826766425_1.pdf
2026年中国旅游政策研究报告,硕远咨询,2026-07-03 00:00:00.000,旅游及景区,20,https://data.eastmoney.com/report/zw_industry.jshtml?encodeUrl=lfCg5GuIRBDoKH/4GRaxX7u32Gnh+SkGhsauILm0+sM=,https://pdf.dfcfw.com/pdf/H3_AP202607031826686449_1.pdf
2026年中国年轻人旅游研究报告,硕远咨询,2026-07-03 00:00:00.000,旅游及景区,29,https://data.eastmoney.com/report/zw_industry.jshtml?encodeUrl=lfCg5GuIRBDoKH/4GRaxX3UKE5otOCBC6oiGcxPjGbA=,https://pdf.dfcfw.com/pdf/H3_AP202607031826686440_1.pdf
2026旅游出行行业流量分析报告,艾瑞股份,2026-07-02 00:00:00.000,旅游及景区,44,https://data.eastmoney.com/report/zw_industry.jshtml?encodeUrl=fTCRDmv+6Cmy8a+mlj7u5JYQX8hAEPsOpYwz5ay6Rx8=,https://pdf.dfcfw.com/pdf/H3_AP202607011826640491_1.pdf
旅游行业运行分析（2026年6月）,联合资信评估,2026-06-23 00:00:00.000,旅游及景区,10,https://data.eastmoney.com/report/zw_industry.jshtml?encodeUrl=eJi1KfnPSzsOqK/d1hQ6dCJj+O5Pbc3W6tMOxydh3oA=,https://pdf.dfcfw.com/pdf/H3_AP202606231823774797_1.pdf
2026年在线旅游平台用户洞察研究报告,艾瑞股份,2026-06-23 00:00:00.000,旅游及景区,33,https://data.eastmoney.com/report/zw_industry.jshtml?encodeUrl=eJi1KfnPSzsOqK/d1hQ6dNxlBvecjLLTYUyhVScQYkc=,https://pdf.dfcfw.com/pdf/H3_AP202606231823758172_1.pdf
就业于沿海旅游业的展望：气候变化 气候变化对蓝色的影响 对摩洛哥蓝色经济的影响：摩洛哥经济,世界银行,2026-06-17 00:00:00.000,旅游及景区,56,https://data.eastmoney.com/report/zw_industry.jshtml?encodeUrl=ObjnBE3LxTv7iqsqRKQSb13hSQGWVKtU3cpMG4+O+Fo=,https://pdf.dfcfw.com/pdf/H3_AP202606171823641195_1.pdf
旅游行业：2026年上半年中国入出境、国内旅游市场景气报告,携程集团,2026-06-17 00:00:00.000,旅游及景区,61,https://data.eastmoney.com/report/zw_industry.jshtml?encodeUrl=ObjnBE3LxTv7iqsqRKQSbyByX5CiCsbzUoslyULgBak=,https://pdf.dfcfw.com/pdf/H3_AP202606171823618687_1.pdf
中国服务消费发展报告（2025）,商务部国际贸易经济合作研究院,2026-06-10 00:00:00.000,旅游及景区,29,https://data.eastmoney.com/report/zw_industry.jshtml?encodeUrl=/Fnww1CLbs895+41ik+hEiIx3siNrmTpKNM0Jz35tRQ=,https://pdf.dfcfw.com/pdf/H3_AP202606101823432438_1.pdf
IP衍生品：从文创潮品到千亿赛道，解锁新消费时代的文化生意,深圳汉鼎智库咨询服务,2026-06-08 00:00:00.000,旅游及景区,4,https://data.eastmoney.com/report/zw_industry.jshtml?encodeUrl=JbxiMuPmNPwklumuVKyO7aNxCcOL3x5AhtJCtSQ41PA=,https://pdf.dfcfw.com/pdf/H3_AP202606081823360573_1.pdf
旅游业随着更好的基础设施和更丰富的体验在印度不断发展,印度品牌资产基金会,2026-06-05 00:00:00.000,旅游及景区,12,https://data.eastmoney.com/report/zw_industry.jshtml?encodeUrl=bjN0bUIX4t9LuI72oEtR3/lk9SGa9woa67Cw2w1hXG8=,https://pdf.dfcfw.com/pdf/H3_AP202606051823290302_1.pdf
新时代文旅品牌发展研究报告,国家广告研究院,2026-06-03 00:00:00.000,旅游及景区,59,https://data.eastmoney.com/report/zw_industry.jshtml?encodeUrl=vLVBb9crEuL+SI65XlPRK7gMsTVMLIy6Lds43aACBZM=,https://pdf.dfcfw.com/pdf/H3_AP202606031823205706_1.pdf
研学旅游行业：中国研学旅游市场景气调查报告(2026年),中国旅行社协会,2026-05-28 00:00:00.000,旅游及景区,21,https://data.eastmoney.com/report/zw_industry.jshtml?encodeUrl=rmuxYk/8kah+Ec3RizjA1NDNiMBBM9xSsupZklC6kxo=,https://pdf.dfcfw.com/pdf/H3_AP202605281822944682_1.pdf
2026年文旅传播趋势观察报告,中国传媒大学区域品牌与传播研究院,2026-05-28 00:00:00.000,旅游及景区,34,https://data.eastmoney.com/report/zw_industry.jshtml?encodeUrl=rmuxYk/8kah+Ec3RizjA1OHP308jLu/kb4rdXjrTM94=,https://pdf.dfcfw.com/pdf/H3_AP202605281822944656_1.pdf
中国旅游目的地海外推广指南：欧洲篇,中国旅游研究院,2026-05-22 00:00:00.000,旅游及景区,20,https://data.eastmoney.com/report/zw_industry.jshtml?encodeUrl=GH0mz9OFfdD8HJyjS8PWdNSkBQmwdun4E8bt8FF090o=,https://pdf.dfcfw.com/pdf/H3_AP202605221822693767_1.pdf
商社美护行业周报：五一出行温和增长，周大福发布正面盈利预告,国元证券,2026-05-13 00:00:00.000,旅游及景区,10,https://data.eastmoney.com/report/zw_industry.jshtml?encodeUrl=KKx/o0h8GXci4gNIaf+w9M2Z6giExjcmqTW13fACxEU=,https://pdf.dfcfw.com/pdf/H3_AP202605131822276175_1.pdf
海外消费行业周报：受益于AIDC建设2026Q1海外电力设备龙头强势增长，中国香港地产Q2旺季来临,开源证券,2026-04-27 00:00:00.000,旅游及景区,17,https://data.eastmoney.com/report/zw_industry.jshtml?encodeUrl=I0G8zgsN1iSKizHA2BNZ6Hs/DifwfyJopFVYF5XkRWU=,https://pdf.dfcfw.com/pdf/H3_AP202604271821596411_1.pdf
社会服务行业周报：电力AI新基建迎重大新机，三维数字化技术促进牙科升级,开源证券,2026-03-30 00:00:00.000,旅游及景区,19,https://data.eastmoney.com/report/zw_industry.jshtml?encodeUrl=x9pIQofGzI9LIaB0HSp91impQ1N9HsqHoPoZ2NTNEGg=,https://pdf.dfcfw.com/pdf/H3_AP202603301820844531_1.pdf
文旅行业研究：供给深化释放需求，文旅赛事打开成长空间,国金证券,2026-03-25 00:00:00.000,旅游及景区,22,https://data.eastmoney.com/report/zw_industry.jshtml?encodeUrl=BajIUgeK3t6I0eujD3HzAf7z35i2/s51g2cEnDTAjl8=,https://pdf.dfcfw.com/pdf/H3_AP202603251820735119_1.pdf
2025年度中国移动出行&在线旅游投诉数据与典型案例报告,网经社电子商务研究中心,2026-03-18 00:00:00.000,旅游及景区,61,https://data.eastmoney.com/report/zw_industry.jshtml?encodeUrl=s7nmvLweMqllj8ucx4/dSZua0jFojW4cmB/RHxYm9XQ=,https://pdf.dfcfw.com/pdf/H3_AP202603181820611131_1.pdf
博彩运营商体育赞助：英国政府对打击无照运营商体育赞助的咨询,,2026-03-18 00:00:00.000,旅游及景区,1,https://data.eastmoney.com/report/zw_industry.jshtml?encodeUrl=s7nmvLweMqllj8ucx4/dSV/62+5bgqVwmgigTi5YloQ=,https://pdf.dfcfw.com/pdf/H3_AP202603181820611136_1.pdf
中国温泉旅游行业2025年回顾与2026年展望,中国旅游协会温泉旅游分会,2026-03-10 00:00:00.000,旅游及景区,11,https://data.eastmoney.com/report/zw_industry.jshtml?encodeUrl=G5q0J7vI7MapkjMb9ILLSX+KkwV8EiH1nn9uER2vVcM=,https://pdf.dfcfw.com/pdf/H3_AP202603101820433907_1.pdf
旅游业多元化：沙特阿拉伯和卡塔尔,Strategic Gears,2026-03-06 00:00:00.000,旅游及景区,37,https://data.eastmoney.com/report/zw_industry.jshtml?encodeUrl=RQ5zBQNbE+fVs8MTnXIk/8gAWrStJT1D5CkiJPPgKTk=,https://pdf.dfcfw.com/pdf/H3_AP202603051820314658_1.pdf
中国研学市场大数据报告2025-2026（部分摘录）,中国旅游协会研学旅行分会,2026-03-04 00:00:00.000,旅游及景区,19,https://data.eastmoney.com/report/zw_industry.jshtml?encodeUrl=fCzDwy6YSeX0ArxOM6bm8Z3nm72KwUyNAVC7FPSmNdQ=,https://pdf.dfcfw.com/pdf/H3_AP202603041820272972_1.pdf
文化旅游基础设施与运营行业2025年信用回顾与2026年展望,新世纪资信评估,2026-02-26 00:00:00.000,旅游及景区,48,https://data.eastmoney.com/report/zw_industry.jshtml?encodeUrl=TEd3mUG928C5xLh9mxyBS2ITQjaQt2zW+aCGimpLKQc=,https://pdf.dfcfw.com/pdf/H3_AP202602261820053918_1.pdf
旅游综合26年春节假期点评：超长假期刺激出游，景区、入境游表现靓丽,信达证券,2026-02-25 00:00:00.000,旅游及景区,12,https://data.eastmoney.com/report/zw_industry.jshtml?encodeUrl=mk7Up8H9F0bMEC8eS+IEeHzjW1vRTG7jftPn70KywFk=,https://pdf.dfcfw.com/pdf/H3_AP202602251820024700_1.pdf
